product_uid,product_name,brand_name,category,beat_the_heat,gift_a_smile,treat_yourself,country_of_origin,product_type,addresses_skin_concerns,sku_size,mrp,sp,nykaa_brand_sp,single_hero_ingredient,secondary_hero_ingredients,dos,donts,storage_instructions,usage_instructions,ingredient_cautions,when_to_use,ingredients,product_description,images,created_at,updated_at,skin_type_not_available_comment,id,<16,17-25,Above 25,Acne,Body Acne,Dryness,Open Pores,Uneven Skin Tone,Dark Spots/Pigmentation,Melasma,Barrier Repair,Comedones,Wrinkles/Fine lines,Redness/Irritation,Dehydration,Dullness,Tanning,Concern weight,Oily Score,Oily+Sensitive Score,Dry Score,Dry+Sensitive Score,Normal Score,Normal+Sensitive Score,Combination Score,Combination+Sensitive Score,Excessive Dryness score,Pregnancy Score,Breastfeeling Score,source_excel_row,source_product_uid_status
Roopsee-F-CL-18,Minimalist 5% Aquaporin Booster Face Wash With Hyaluronic Acid,Minimalist,Face,,,,India,Cleanser,"Dryness, Dehydration",100ml,299,299,299,Aquaporin Boosters,"Glyceryl Glucoside, Glycerin",,,,,,,,,,,,,Roopsee-F-CL-18,100,100,100,45,30,90,20,15,10,5,85,25,20,85,95,50,5,72,75,85,95,98,92,95,90,92,100,100,100,2,provided
Roopsee-F-SE-40,Minimalist 0.6% Retinol Face Serum,Minimalist,Face,,,,India,Serum,"Acne, Uneven Skin Tone, Wrinkles/Fine lines, Comedones, Dullness",30ml,599,599,599,Retinol,"Coenzyme Q10, Squalane, Rosehip Oil",,,,,,,,,,,,,Roopsee-F-SE-40,-100,100,100,90,45,45,85,90,86,60,40,90,95,35,40,90,25,90,90,55,75,40,90,55,90,60,30,-100,-100,3,provided
Roopsee-F-MO-19,Minimalist 0.3% Ceramide Barrier Repair Moisturizing Cream For Oily Skin,Minimalist,Face,,,,India,Moisturizer,"Barrier Repair, Redness/Irritation, Dehydration",50g,599,599,599,Ceramides,"Cholesterol, Fatty Acids, Madecassoside, Ursolic Acid",,,,,,,,,,,,,Roopsee-F-MO-19,100,100,100,70,40,85,35,25,15,5,95,55,35,92,90,55,5,82,95,98,78,90,92,96,95,98,75,100,100,4,provided
Roopsee-B-WA-09,Minimalist 2% Salicylic Acid + LHA Body Wash,Minimalist,Body,,,,India,Body Wash,"Acne, Body Acne, Comedones",200ml,349,349,349,Salicylic Acid (2%),"LHA, Zinc PCA, Glycerin, Panthenol",,,,,,,,,,,,,Roopsee-B-WA-09,0,100,100,90,95,45,82,55,45,15,50,92,10,55,45,75,20,90,95,75,45,35,82,72,92,78,25,100,100,5,provided
Roopsee-B-LO-05,Minimalist Niacinamide 5% Body Lotion,Minimalist,Body,,,,India,Body Lotion,"Dryness, Dehydration",180g,299,299,299,Niacinamide (5%),"Hyaluronic Acid, Glycerin",,,,,,,,,,,,,Roopsee-B-LO-05,100,100,100,70,78,90,65,72,68,35,82,60,25,80,90,72,20,80,90,85,82,80,85,82,90,84,75,100,100,6,provided
Roopsee-F-TO-09,Minimalist 8% Glycolic Acid Toner,Minimalist,Face,,,,India,Toner,"Uneven Skin Tone, Dark Spots/Pigmentation",150ml,499,499,499,Glycolic Acid (8%),"Aloe Vera, Allantoin",,,,,,,,,,,,,Roopsee-F-TO-09,0,100,100,72,55,35,78,90,90,72,40,75,55,40,35,85,75,90,82,55,40,25,72,50,78,55,20,100,100,7,provided
Roopsee-B-LO-06,Minimalist SPF 30 Body Lotion,Minimalist,Body,,,,India,Body Lotion,"Dryness, Dehydration, Tanning",150g,499,499,499,UV Filters,"Avobenzone, Uvinul T 150, Octocrylene, Green Tea, Glycerin, Vitamin E",,,,,,,,,,,,,Roopsee-B-LO-06,100,100,100,20,15,90,10,35,40,25,65,10,35,65,90,55,92,78,78,75,90,90,80,78,79,77,85,100,100,8,provided
Roopsee-F-CL-19,The Derma Co Niacinamide Gentle Skin Cleanser,The Derma Co,Face,,,,India,Cleanser,"Barrier Repair, Redness/Irritation, Dehydration",125ml,299,299,299,Niacinamide,"Cica Extract, Ceramide Complex",,,,,,,,,,,,,Roopsee-F-CL-19,100,100,100,60,35,85,35,25,15,5,90,40,15,90,90,45,5,72,85,92,90,95,90,95,90,94,90,100,100,9,provided
Roopsee-F-SE-41,The Derma Co 2% Salicylic Acid Face Serum for Active Acne,The Derma Co,Face,,,,India,Serum,"Acne, Open Pores, Comedones",30ml,499,499,499,Salicylic Acid (2%),"Niacinamide, Zinc",,,,,,,,,,,,,Roopsee-F-SE-41,0,100,100,95,65,25,90,55,45,20,35,96,15,40,30,65,10,92,96,65,30,20,90,55,94,62,15,100,100,10,provided
Roopsee-F-SE-42,The Derma Co C-Cinamide Radiance Serum with 10% Vitamin C & 5% Niacinamide,The Derma Co,Face,,,,India,Serum,"Uneven Skin Tone, Dark Spots/Pigmentation, Dullness",30ml,645,645,645,Vitamin C (10%),"Niacinamide (5%), Kojic Acid",,,,,,,,,,,,,Roopsee-F-SE-42,100,100,100,55,20,55,45,90,90,65,50,35,75,60,65,92,65,90,90,75,68,60,90,78,90,76,55,100,100,11,provided
Roopsee-B-WA-10,"The Derma Co 1% Salicylic Acid Daily Exfoliating Body Wash with Salicylic Acid, Glycolic Acid & Pentavitin",The Derma Co,Body,,,,India,Body Wash,"Body Acne, Comedones",250ml,349,349,349,Salicylic Acid (1%),"Glycolic Acid, Pentavitin",,,,,,,,,,,,,Roopsee-B-WA-10,0,100,100,82,92,50,75,45,35,10,45,90,10,55,55,65,15,86,92,72,50,40,82,68,90,72,35,100,100,12,provided
Roopsee-F-CL-20,"The Derma Co 3% AHA BHA Foaming Daily Face Wash with Mandelic Acid, Glycolic Acid & Salicylic Acid",The Derma Co,Face,,,,India,Cleanser,"Acne, Comedones",100ml,349,349,349,Mandelic Acid,"Glycolic Acid, Salicylic Acid",,,,,,,,,,,,,Roopsee-F-CL-20,0,100,100,90,45,30,85,60,50,20,35,90,20,45,30,72,15,90,95,65,28,20,85,55,92,60,15,100,100,13,provided
Roopsee-F-CL-21,Deconstruct Hyaluronic Acid Hydrating Face Wash - 0.5% Amino Acids + 0.1% Hyaluronic Acid,Deconstruct,Face,,,,India,Cleanser,"Dryness, Redness/Irritation, Dehydration",100ml,299,299,299,Hyaluronic Acid,"Amino Acids, Panthenol, Sodium PCA, Glycerin",,,,,,,,,,,,,Roopsee-F-CL-21,100,100,100,35,20,90,15,10,5,5,85,20,15,90,95,40,5,70,75,90,95,98,90,95,85,92,100,100,100,14,provided
Roopsee-F-SE-43,Deconstruct Oil Control Serum - 3% Niacinamide + 2% Salicylic Acid,Deconstruct,Face,,,,India,Serum,"Acne, Open Pores, Comedones",30ml,799,799,799,Niacinamide,Liposomal Salicylic Acid,,,,,,,,,,,,,Roopsee-F-SE-43,0,100,100,95,55,25,92,45,35,10,35,97,10,45,25,60,10,92,98,70,25,18,90,60,95,65,12,100,100,15,provided
Roopsee-F-SE-44,Deconstruct Dark Spot Clearing Serum - 5% Niacinamide + 2% Alpha Arbutin,Deconstruct,Face,,,,India,Serum,"Uneven Skin Tone, Dark Spots/Pigmentation",30ml,699,699,699,Niacinamide (5%),Alpha Arbutin (2%),,,,,,,,,,,,,Roopsee-F-SE-44,100,100,100,45,15,55,35,90,92,82,45,30,25,70,60,85,40,90,82,80,72,70,90,82,84,82,55,100,100,16,provided
Roopsee-F-SE-45,Deconstruct 10% Vitamin C Serum for Glowing Skin with Liposomal Technology,Deconstruct,Face,,,,India,Serum,"Uneven Skin Tone, Dark Spots/Pigmentation, Dullness",30ml,799,799,799,Vitamin C (10%),"Liposomal Technology, Ferulic Acid",,,,,,,,,,,,,Roopsee-F-SE-45,100,100,100,50,15,55,40,90,90,65,50,30,78,65,65,95,65,89,84,78,70,65,90,82,90,80,55,100,100,17,provided
Roopsee-F-SE-46,Deconstruct Brightening Niacinamide Serum - 10% Niacinamide + 0.3% Alpha Arbutin,Deconstruct,Face,,,,India,Serum,"Open Pores, Uneven Skin Tone",30ml,699,699,699,Niacinamide (10%),Alpha Arbutin (0.3%),,,,,,,,,,,,,Roopsee-F-SE-46,100,100,100,82,25,50,90,90,82,65,55,75,30,72,60,82,35,87,95,90,65,60,90,85,92,86,50,100,100,18,provided
Roopsee-F-MO-20,Deconstruct Oil-Free Moisturizer for Oily Skin - 3% NMF Complex + 0.2% Panthenol,Deconstruct,Face,,,,India,Moisturizer,"Dryness, Barrier Repair, Redness/Irritation, Dehydration",50g,349,349,349,NMF Complex (3%),"Panthenol (0.2%), Hyaluronic Acid",,,,,,,,,,,,,Roopsee-F-MO-20,100,100,100,35,15,90,15,10,5,5,90,15,15,90,92,40,5,72,95,98,82,90,90,95,92,96,85,100,100,19,provided
Roopsee-F-SU-17,Deconstruct Gel Sunscreen for Oily Skin - SPF 50 PA++++,Deconstruct,Face,,,,India,Sunscreen,Tanning,50g,399,399,399,SPF 50 (UV Filters),"Niacinamide, Hyaluronic Acid",,,,,,,,,,,,,Roopsee-F-SU-17,100,100,100,20,10,65,10,40,45,35,55,10,35,75,70,55,98,82,95,92,65,62,90,85,92,90,55,100,100,20,provided
Roopsee-F-SE-47,Deconstruct Vitamin C + Ferulic Acid Serum - 10% Liposomal Vitamin C + 0.5% Ferulic Acid,Deconstruct,Face,,,,India,Serum,"Uneven Skin Tone, Dark Spots/Pigmentation, Dullness",30ml,799,799,799,Vitamin C (10%),"Ferulic Acid (0.5%), Liposomal",,,,,,,,,,,,,Roopsee-F-SE-47,100,100,100,50,15,55,40,90,90,65,50,30,80,65,65,95,65,89,84,78,70,65,90,82,86,80,55,100,100,21,provided
Roopsee-F-SE-48,Deconstruct 2% Hyaluronic Acid Serum with 1% Niacinamide,Deconstruct,Face,,,,India,Serum,"Dryness, Barrier Repair, Redness/Irritation, Dehydration",30ml,699,699,699,Hyaluronic Acid (2%),Niacinamide (1%),,,,,,,,,,,,,Roopsee-F-SE-48,100,100,100,35,15,95,15,20,10,5,90,15,25,90,98,55,5,78,85,92,98,100,92,96,90,95,100,100,100,22,provided
Roopsee-F-SE-49,Deconstruct Retinol & Peptide Serum for Anti-aging - 0.2% Retinol + 1% Peptide,Deconstruct,Face,,,,India,Serum,Wrinkles/Fine lines,30ml,799,799,799,Retinol (0.2%),"Peptide (1%), Hyaluronic Acid",,,,,,,,,,,,,Roopsee-F-SE-49,-100,100,100,75,35,50,75,70,65,40,45,78,90,45,50,75,15,85,90,65,75,55,85,68,90,72,40,-100,-100,23,provided
Roopsee-F-MO-21,Deconstruct Brightening Moisturizer - 3% Vitamin C + 1% Kojic Acid Dipalmitate,Deconstruct,Face,,,,India,Moisturizer,Dark Spots/Pigmentation,50g,399,399,399,Vitamin C (3%),"Kojic Acid Dipalmitate (1%), Niacinamide (5%)",,,,,,,,,,,,,Roopsee-F-MO-21,100,100,100,35,10,75,20,82,90,70,65,15,35,75,80,82,40,82,82,85,90,85,86,90,85,87,82,100,100,24,provided
Roopsee-F-SU-18,Deconstruct Invisible Cooling Sunscreen SPF 50 PA++++,Deconstruct,Face,,,,India,Sunscreen,Tanning,40g,499,499,499,SPF 50 (UV Filters),"Niacinamide, Hyaluronic Acid",,,,,,,,,,,,,Roopsee-F-SU-18,100,100,100,15,10,60,10,40,45,35,50,10,30,78,65,50,98,82,95,90,62,60,90,85,92,90,50,100,100,25,provided
Roopsee-F-CL-22,Chemist at Play 2% Salicylic Acid Face Wash for Acne & Oil Control,Chemist at Play,Face,,,,India,Cleanser,"Acne, Open Pores, Comedones",100ml,299,299,299,Salicylic Acid (2%),"Azelaic Acid, Cica, Ceramides",,,,,,,,,,,,,Roopsee-F-CL-22,0,100,100,95,55,25,92,40,30,10,35,98,10,45,25,55,10,92,98,68,25,18,90,60,95,65,12,100,100,26,provided
Roopsee-F-CL-23,Chemist at Play Gentle & Hydrating Face Cleanser (Rice Water + Hyaluronic Acid),Chemist at Play,Face,,,,India,Cleanser,"Dryness, Barrier Repair, Redness/Irritation, Dehydration",100ml,299,299,299,Hyaluronic Acid,"Polyglutamic Acid, Rice Water, Oatmeal",,,,,,,,,,,,,Roopsee-F-CL-23,100,100,100,35,20,92,15,25,15,5,90,15,15,92,98,60,5,74,80,90,98,100,92,96,90,94,100,100,100,27,provided
Roopsee-F-SE-50,Chemist at Play 10% Vitamin C Face Serum with 2% Glucosamine for Glowing Skin,Chemist at Play,Face,,,,India,Serum,"Uneven Skin Tone, Dark Spots/Pigmentation, Dullness",100ml,299,299,299,Vitamin C,"Acetyl Glucosamine, Sodium Hyaluronate, Lactic Acid",,,,,,,,,,,,,Roopsee-F-SE-50,100,100,100,52,15,50,42,92,90,68,45,28,72,60,60,96,65,90,84,76,68,62,90,80,86,78,50,100,100,28,provided
Roopsee-B-WA-11,Chemist at Play Brightening Body Wash with Vitamin C & Niacinamide,Chemist at Play,Body,,,,India,Body Wash,Dullness,236ml,349,349,349,Vitamin C,"Niacinamide, Camu Camu, Alpha Arbutin, Glycolic Acid, Ceramides",,,,,,,,,,,,,Roopsee-B-WA-11,100,100,100,40,72,65,30,82,85,55,60,25,20,72,70,90,45,82,82,80,72,70,90,82,83,81,65,100,100,29,provided
Roopsee-B-LO-07,Chemist at Play 10% Magnesium Body Lotion with Lavender Oil & Aloe Vera,Chemist at Play,Body,,,,India,Body Lotion,"Dryness, Dehydration",236ml,349,349,349,Magnesium (10%),"Lavender Oil, Aloe Vera",,,,,,,,,,,,,Roopsee-B-LO-07,100,100,100,20,25,90,5,15,10,5,78,5,20,75,92,45,5,68,75,60,95,82,85,72,82,70,98,100,100,30,provided
Roopsee-B-LO-08,Chemist at Play 5% AHA Body Lotion with Niacinamide & Shea Butter,Chemist at Play,Body,,,,India,Body Lotion,"Body Acne, Dryness",236ml,399,399,399,AHA (5%),"Niacinamide, Shea Butter",,,,,,,,,,,,,Roopsee-B-LO-08,0,100,100,55,90,90,55,75,80,45,65,60,35,60,75,82,35,84,75,65,90,82,82,78,80,75,92,100,100,31,provided
Roopsee-F-MO-22,Deconstruct Skin Soothe Moisturizer - 1% Ceramide + 0.2% Bisabolol,Deconstruct,Face,,,,India,Moisturizer,"Dryness, Barrier Repair, Redness/Irritation, Dehydration",50 g,375,375,375,Ceramide (1%),"Bisabolol (0.2%), Hyaluronic Acid",,,,,,,,,,,,,Roopsee-F-MO-22,100,100,100,45,20,92,15,15,10,5,98,20,25,95,95,45,5,80,82,95,98,100,92,98,90,96,100,100,100,32,provided
Roopsee-F-SU-19,Deconstruct Fluid Brightening Sunscreen SPF 50 PA++++ - 5% Niacinamide,Deconstruct,Face,,,,India,Sunscreen,Tanning,50 g,399,399,399,Niacinamide (5%),"SPF 50 UV Filters, Hyaluronic Acid",,,,,,,,,,,,,Roopsee-F-SU-19,100,100,100,35,10,65,35,60,65,45,60,25,30,75,70,65,98,86,96,94,68,65,90,90,94,90,55,100,100,33,provided
Roopsee-F-TR-01,Deconstruct Hydrocolloid Acne Pimple Patch with 2% Salicylic Acid & 0.2% Tea Tree Oil,Deconstruct,Face,,,,India,Treatment,Acne,36 patches,299,299,299,Salicylic Acid (2%),"Tea Tree Oil (0.2%), Hydrocolloid",,,,,,,,,,,,,Roopsee-F-TR-01,100,100,100,90,25,10,20,15,10,5,25,85,5,40,10,15,5,78,95,75,20,15,90,70,92,75,5,100,100,34,provided
Roopsee-B-WA-12,Deconstruct Salicylic Acid Body Wash - 1% Salicylic Acid + 2% Glycolic Acid,Deconstruct,Body,,,,India,Body Wash,"Body Acne, Comedones",200ml,349,349,349,Salicylic Acid (1%),"Glycolic Acid (2%), Aloe Vera",,,,,,,,,,,,,Roopsee-B-WA-12,0,100,100,82,92,50,75,45,35,10,45,90,10,55,55,65,15,86,92,72,50,40,82,68,90,72,35,100,100,35,provided
Roopsee-B-LO-09,Deconstruct Detan Body Sunscreen Lotion - 4% Niacinamide + 1% Kojic Acid + SPF 50 PA++++,Deconstruct,Body,,,,India,Body Lotion,"Uneven Skin Tone, Dark Spots/Pigmentation, Tanning",90ml,499,499,499,Niacinamide (4%),"Kojic Acid (1%), SPF 50 UV Filters",,,,,,,,,,,,,Roopsee-B-LO-09,100,100,100,40,55,72,35,90,92,78,60,25,30,72,75,85,98,90,90,85,75,72,86,84,90,85,70,100,100,36,provided
Roopsee-F-CL-24,Dot & Key Cica + Salicylic Acid Blemish Clearing Face Wash,Dot & Key,Face,,,,India,Cleanser,"Acne, Comedones",100ml,249,249,249,Cica (Centella Asiatica),"Salicylic Acid, Niacinamide",,,,,,,,,,,,,Roopsee-F-CL-24,100,100,100,90,35,45,82,35,25,10,65,90,10,78,55,45,5,84,95,90,50,62,90,90,92,90,45,100,100,37,provided
Roopsee-F-CL-25,Dot & Key Barrier Repair + Hydrating Gentle Face Wash,Dot & Key,Face,,,,India,Cleanser,"Dryness, Barrier Repair, Redness/Irritation, Dehydration",100ml,249,249,249,Ceramide,"Hyaluronic Acid, Allantoin",,,,,,,,,,,,,Roopsee-F-CL-25,100,100,100,35,15,92,10,10,5,5,95,15,15,95,98,35,5,75,82,95,98,100,92,98,90,96,100,100,100,38,provided
Roopsee-F-CL-26,Dot & Key Watermelon Super Glow Gel Face Wash with Vitamin C & Cucumber,Dot & Key,Face,,,,India,Cleanser,"Redness/Irritation, Dehydration",100ml,249,249,249,Vitamin C,"Watermelon Extract, Cucumber",,,,,,,,,,,,,Roopsee-F-CL-26,100,100,100,30,15,75,15,55,50,20,70,15,20,90,90,72,15,70,82,90,85,90,86,90,84,90,92,100,100,39,provided
Roopsee-F-SE-51,Dot & Key 10% Vitamin C + E Super Bright Face Serum with 5% Niacinamide,Dot & Key,Face,,,,India,Serum,"Uneven Skin Tone, Dark Spots/Pigmentation, Dullness",30ml,695,695,695,Vitamin C (10%),"Vitamin E, Niacinamide (5%)",,,,,,,,,,,,,Roopsee-F-SE-51,100,100,100,58,15,55,48,92,90,68,52,35,78,65,65,96,68,91,86,80,70,65,90,84,90,82,55,100,100,40,provided
Roopsee-F-MO-23,Dot & Key Cica + Niacinamide Oil-Free Ultra Light Water Gel Moisturizer,Dot & Key,Face,,,,India,Moisturizer,"Redness/Irritation, Dehydration",50g,395,395,395,Niacinamide,"Cica (Centella Asiatica), Hyaluronic Acid",,,,,,,,,,,,,Roopsee-F-MO-23,100,100,100,75,20,82,68,45,35,15,85,65,20,90,90,55,5,82,98,98,65,82,92,96,95,97,55,100,100,41,provided
Roopsee-F-SU-20,Dot & Key Watermelon Cooling Aqua-Gel Sunscreen SPF 50+ PA++++,Dot & Key,Face,,,,India,Sunscreen,Tanning,50g,445,445,445,Watermelon Extract,"SPF 50+ UV Filters, Hyaluronic Acid",,,,,,,,,,,,,Roopsee-F-SU-20,100,100,100,20,10,78,10,40,45,30,68,10,30,80,85,65,98,84,90,90,80,78,90,86,89,87,75,100,100,42,provided
Roopsee-F-SU-21,Dot & Key Cica + Niacinamide Mattifying Light Gel Cream Sunscreen SPF 50+ PA++++,Dot & Key,Face,,,,India,Sunscreen,"Redness/Irritation, Tanning",50g,445,445,445,Niacinamide,"Cica (Centella Asiatica), SPF 50+ UV Filters",,,,,,,,,,,,,Roopsee-F-SU-21,100,100,100,65,15,65,72,42,35,15,75,68,25,90,72,52,98,86,98,96,58,72,90,92,95,94,45,100,100,43,provided
Roopsee-F-SU-22,Dot & Key Vitamin C + E Super Bright Sunscreen SPF 50+ PA++++,Dot & Key,Face,,,,India,Sunscreen,Tanning,50g,445,445,445,Vitamin C,"Vitamin E, SPF 50+ UV Filters, Niacinamide",,,,,,,,,,,,,Roopsee-F-SU-22,100,100,100,25,10,68,12,72,75,45,58,10,40,72,72,82,98,90,85,82,70,65,90,84,86,83,60,100,100,44,provided
Roopsee-F-SU-23,Dot & Key Strawberry Dew Tinted Sunscreen SPF 50+ PA++++,Dot & Key,Face,,,,India,Sunscreen,Tanning,50ml,549,549,549,SPF 50+ (UV Filters),"Strawberry Extract, Hyaluronic Acid",,,,,,,,,,,,,Roopsee-F-SU-23,100,100,100,20,10,72,10,45,50,35,60,10,30,75,78,70,98,85,90,85,75,72,86,84,87,85,70,100,100,45,provided
Roopsee-F-MO-24,Dot & Key 72HR Hydrating Gel Moisturizer + Probiotics,Dot & Key,Face,,,,India,Moisturizer,"Dryness, Barrier Repair, Redness/Irritation, Dehydration",60ml,495,495,495,Probiotics,"Hyaluronic Acid, Rice Water",,,,,,,,,,,,,Roopsee-F-MO-24,100,100,100,40,15,92,15,15,10,5,90,15,20,92,98,45,5,78,90,95,95,98,92,96,90,95,100,100,100,46,provided
Roopsee-F-MO-25,Dot & Key Retinol + Ceramide Night Repair Cream (Night Reset),Dot & Key,Face,,,,India,Moisturizer,Wrinkles/Fine lines,60ml,695,695,695,Retinol,"Ceramide, Peptides",,,,,,,,,,,,,Roopsee-F-MO-25,-100,100,100,80,25,55,75,72,68,45,75,78,92,65,65,78,15,90,82,60,82,68,90,75,85,72,55,-100,-100,47,provided
Roopsee-F-SE-52,Dot & Key 10% Niacinamide + Cica Face Serum (Cica + 2% Salicylic Skin Clearing),Dot & Key,Face,,,,India,Serum,"Acne, Open Pores, Comedones",30ml,599,599,599,Niacinamide (10%),"Cica (Centella Asiatica), Salicylic Acid (2%)",,,,,,,,,,,,,Roopsee-F-SE-52,0,100,100,95,35,35,92,55,45,20,55,96,15,75,40,65,10,92,98,82,35,28,92,78,96,82,20,100,100,48,provided
Roopsee-F-SE-53,Dot & Key 10% Niacinamide + Strawberry Bright Brightening Face Serum,Dot & Key,Face,,,,India,Serum,"Uneven Skin Tone, Dullness",30ml,599,599,599,Niacinamide (10%),"Strawberry Extract, Hyaluronic Acid",,,,,,,,,,,,,Roopsee-F-SE-53,100,100,100,75,20,55,75,90,85,65,60,70,25,75,65,90,35,90,95,90,68,62,90,86,92,90,55,100,100,49,provided
Roopsee-F-SE-54,Dot & Key 12% Barrier Boost Serum (Hyaluronic + Ceramides + Niacinamide),Dot & Key,Face,,,,India,Serum,"Dryness, Barrier Repair, Redness/Irritation, Dehydration",30ml,599,599,599,Hyaluronic Acid (12%),"Ceramide, Niacinamide",,,,,,,,,,,,,Roopsee-F-SE-54,100,100,100,60,20,95,45,45,35,15,98,40,35,95,100,65,5,90,90,95,98,100,95,98,92,96,100,100,100,50,provided
Roopsee-F-MA-17,"Dot & Key Retinol + Ceramide Night Repair Cream, Smooth, Firm & Youthful Skin, Reduces Fine Lines",Dot & Key,Face,,,,India,Mask,Wrinkles/Fine lines,60ml,695,695,695,Retinol,"Ceramide, Collagen",,,,,,,,,,,,,Roopsee-F-MA-17,-100,100,100,80,25,55,75,72,68,45,75,78,92,65,65,78,15,90,82,60,82,68,90,75,85,72,55,-100,-100,51,provided
Roopsee-F-MA-18,Dot & Key Vitamin C Pink Clay Mask,Dot & Key,Face,,,,India,Mask,Dullness,85gm,550,550,550,Vitamin C,"Pink Clay, Niacinamide",,,,,,,,,,,,,Roopsee-F-MA-18,100,100,100,60,20,30,75,82,80,50,35,70,25,50,25,90,35,80,92,72,25,20,82,65,90,68,15,100,100,52,provided
Roopsee-F-SE-55,Dot & Key Pomegranate + 0.9% Retinol Serum with Collagen,Dot & Key,Face,,,,India,Serum,"Acne, Comedones, Wrinkles/Fine lines",30ml,599,599,599,Retinol (0.9%),"Pomegranate Extract, Collagen",,,,,,,,,,,,,Roopsee-F-SE-55,-100,100,100,90,30,45,82,78,72,50,45,90,96,50,45,82,15,94,90,55,72,45,90,62,90,65,30,-100,-100,53,provided
Roopsee-F-SE-56,Dot & Key 2% Salicylic Acid + Cica Anti-Acne Face Serum with Zinc,Dot & Key,Face,,,,India,Serum,"Acne, Open Pores, Comedones",30ml,550,550,550,Salicylic Acid (2%),"Cica (Centella Asiatica), Zinc",,,,,,,,,,,,,Roopsee-F-SE-56,0,100,100,96,40,25,92,50,40,15,50,98,10,72,30,60,10,93,98,78,25,20,90,75,96,80,12,100,100,54,provided
Roopsee-B-LO-10,Dot & Key Vitamin C + E Super Bright Body Lotion with Blood Orange & Niacinamide,Dot & Key,Body,,,,India,Body Lotion,"Dark Spots/Pigmentation, Dehydration, Dullness",250ml,395,395,395,Vitamin C,"Vitamin E, Niacinamide, Blood Orange",,,,,,,,,,,,,Roopsee-B-LO-10,100,100,100,35,45,85,15,85,90,55,75,15,30,80,90,90,40,86,80,78,92,90,85,82,84,80,95,100,100,55,provided
Roopsee-B-LO-11,Dot & Key Watermelon Cooling Sunscreen Body Spray SPF 50+ PA+++,Dot & Key,Body,,,,India,Body Lotion,Tanning,110ml,595,595,595,Watermelon Extract,"SPF 50+ UV Filters, Niacinamide, Aloe vera",,,,,,,,,,,,,Roopsee-B-LO-11,100,100,100,15,10,68,10,35,40,25,55,10,25,78,72,55,98,80,90,90,70,68,85,82,90,85,65,100,100,56,provided
Roopsee-F-SU-24,Dot & Key Daily Glow Sunscreen SPF 50,Dot & Key,Face,,,,India,Sunscreen,Tanning,50g,445,445,445,SPF 50 (UV Filters),"Vitamin C, Niacinamide",,,,,,,,,,,,,Roopsee-F-SU-24,100,100,100,20,10,70,12,65,70,45,58,10,30,75,72,78,98,90,90,85,72,68,86,84,87,85,65,100,100,57,provided
Roopsee-F-MO-26,Dot & Key Barrier Repair Intense Moisturizer with Ceramides,Dot & Key,Face,,,,India,Moisturizer,"Dryness, Barrier Repair, Redness/Irritation, Dehydration",100g,399,399,399,Ceramide,"Hyaluronic Acid, Niacinamide",,,,,,,,,,,,,Roopsee-F-MO-26,100,100,100,35,15,96,10,15,10,5,98,10,35,95,98,50,5,82,70,90,98,100,85,95,80,92,100,100,100,58,provided
Roopsee-F-MO-27,Dot & Key Blueberry Hydrate Barrier Repair Oil-Free Moisturizer,Dot & Key,Face,,,,India,Moisturizer,"Dryness, Barrier Repair, Redness/Irritation, Dehydration",50g,399,399,399,5 CERAMIDES,"Hyaluronic Acid, Niacinamide",,,,,,,,,,,,,Roopsee-F-MO-27,100,100,100,55,15,90,35,25,15,5,92,35,25,92,95,55,5,80,95,98,80,90,90,95,94,96,82,100,100,59,provided
Roopsee-F-SU-25,Dot & Key Dragon Fruit Bounce Sunscreen SPF 50+ PA++++,Dot & Key,Face,,,,India,Sunscreen,Tanning,50g,445,445,445,"Uvinul A+, Uvinul T-150, Tinosorb S and Tinosorb M.","Ectoin, Hyaluronic Acid",,,,,,,,,,,,,Roopsee-F-SU-25,100,100,100,20,10,75,10,40,45,30,65,10,30,80,82,65,98,84,90,85,78,75,86,84,87,85,75,100,100,60,provided
Roopsee-F-SU-26,Dot & Key Mineral Sunscreen SPF 50,Dot & Key,Face,,,,India,Sunscreen,"Redness/Irritation, Tanning",50g,649,649,649,Zinc oxide,"Titanium Dioxide, Hyaluronic Acid",,,,,,,,,,,,,Roopsee-F-SU-26,100,100,100,25,10,75,10,35,40,30,72,10,25,92,82,55,98,86,90,98,78,90,90,96,90,95,78,100,100,61,provided
Roopsee-F-CL-27,Dot & Key Deep Pore Clean Foaming Face Wash,Dot & Key,Face,,,,India,Cleanser,"Acne, Open Pores, Comedones",100ml,249,249,249,Salicylic Acid,"Niacinamide, Kaolin Clay",,,,,,,,,,,,,Roopsee-F-CL-27,0,100,100,90,35,30,90,45,35,10,35,92,10,50,35,55,10,90,96,70,28,20,85,62,92,68,15,100,100,62,provided
Roopsee-F-MO-28,Dot & Key Multi Peptide Pomegranate Moisturizer with Ceramides SPF 30,Dot & Key,Face,,,,India,Moisturizer,"Dryness, Barrier Repair, Redness/Irritation, Dehydration, Tanning",60ml,495,495,495,Peptide Complex,"Pomegranate Extract, Ceramide, SPF 30",,,,,,,,,,,,,Roopsee-F-MO-28,100,100,100,35,10,90,20,35,30,15,92,15,82,90,92,68,92,86,78,82,95,92,90,90,85,90,98,100,100,63,provided
Roopsee-F-TO-10,Dot & Key Blueberry Hydrate Barrier Repair Milky Toner Essence,Dot & Key,Face,,,,India,Toner,"Dryness, Barrier Repair, Redness/Irritation, Dehydration",150ml,359,359,359,Blueberry Extract,"Hyaluronic Acid, Ceramide, Niacinamide",,,,,,,,,,,,,Roopsee-F-TO-10,100,100,100,40,10,92,15,20,15,5,96,15,25,95,98,55,5,82,85,95,98,100,92,98,90,96,100,100,100,64,provided
Roopsee-F-SU-27,Aqualogica Hydrate+ Dewy Sunscreen SPF 50+ PA++++ with Coconut Water & Hyaluronic Acid,Aqualogica,Face,,,,India,Sunscreen,"Dehydration, Tanning",50g,449,449,449,Hyaluronic Acid,"Coconut Water, SPF 50+ UV Filters",,,,,,,,,,,,,Roopsee-F-SU-27,100,100,100,20,10,82,10,35,40,25,70,10,25,82,92,60,98,84,90,90,82,85,90,90,90,90,82,100,100,65,provided
Roopsee-F-SE-57,Aqualogica Glow+ Concentrate Face Serum,Aqualogica,Face,,,,India,Serum,"Uneven Skin Tone, Dark Spots/Pigmentation, Dullness",30ml,599,599,599,Vitamin C,"Papaya Extract, Niacinamide",,,,,,,,,,,,,Roopsee-F-SE-57,100,100,100,45,15,55,35,90,90,65,50,25,65,65,60,95,70,90,84,78,68,62,90,82,86,80,55,100,100,66,provided
Roopsee-F-SE-58,Aqualogica Radiance+ Concentrate Face Serum with Watermelon & Niacinamide,Aqualogica,Face,,,,India,Serum,"Uneven Skin Tone, Dullness",30ml,599,599,599,Niacinamide,"Watermelon Extract, Kojic Acid",,,,,,,,,,,,,Roopsee-F-SE-58,100,100,100,78,20,60,75,90,78,55,60,72,25,75,68,90,35,86,95,90,70,65,90,90,92,89,60,100,100,67,provided
Roopsee-F-MO-29,Aqualogica Glow+ Hydra Gel Moisturizer with Vitamin C & Papaya,Aqualogica,Face,,,,India,Moisturizer,"Dehydration, Dullness",100g,299,299,299,Vitamin C,"Papaya Extract, Hyaluronic Acid",,,,,,,,,,,,,Roopsee-F-MO-29,100,100,100,35,10,80,15,82,80,50,70,15,25,82,90,90,25,80,85,90,82,85,86,90,85,87,90,100,100,68,provided
Roopsee-F-MO-30,Aqualogica Hydrate+ Jello Moisturizer with Coconut Water & Hyaluronic Acid,Aqualogica,Face,,,,India,Moisturizer,"Dryness, Redness/Irritation, Dehydration",50g,499,499,499,Hyaluronic Acid,"Coconut Water, Glycerin",,,,,,,,,,,,,Roopsee-F-MO-30,100,100,100,25,10,95,10,15,10,5,82,10,20,92,100,45,5,78,90,95,98,100,92,96,90,95,100,100,100,69,provided
Roopsee-F-MO-31,Aqualogica 5 Barrier+ Repair Moisturizer with Avocado & 5 Essential Ceramides,Aqualogica,Face,,,,India,Moisturizer,"Dryness, Barrier Repair, Redness/Irritation, Dehydration",100g,299,299,299,Ceramide (5 types),"Avocado Extract, Hyaluronic Acid",,,,,,,,,,,,,Roopsee-F-MO-31,100,100,100,35,10,98,10,15,10,5,100,10,35,95,98,50,5,85,72,90,100,100,85,95,80,92,100,100,100,70,provided
Roopsee-F-CL-28,Aqualogica Glow+ Smoothie Face Wash with Papaya & Vitamin C,Aqualogica,Face,,,,India,Cleanser,"Redness/Irritation, Dehydration",100ml,249,249,249,Vitamin C,"Papaya Extract, Aloe Vera",,,,,,,,,,,,,Roopsee-F-CL-28,100,100,100,30,15,75,15,55,50,20,68,15,20,90,90,75,15,70,82,90,85,90,86,90,84,90,92,100,100,71,provided
Roopsee-F-CL-29,Aqualogica Hydrate+ Smoothie Face Wash with Coconut Water & Hyaluronic Acid,Aqualogica,Face,,,,India,Cleanser,"Dryness, Redness/Irritation, Dehydration",100ml,249,249,249,Hyaluronic Acid,"Coconut Water, Aloe Vera",,,,,,,,,,,,,Roopsee-F-CL-29,100,100,100,25,10,92,10,10,5,5,85,10,15,92,98,40,5,72,80,90,98,100,92,96,90,94,100,100,100,72,provided
Roopsee-F-CL-30,Aqualogica Radiance+ Smoothie Face Wash with Watermelon & Niacinamide,Aqualogica,Face,,,,India,Cleanser,"Redness/Irritation, Dehydration",100ml,249,249,249,Niacinamide,"Watermelon Extract, Aloe Vera",,,,,,,,,,,,,Roopsee-F-CL-30,100,100,100,55,15,75,45,50,45,20,72,40,15,90,90,70,15,76,92,90,82,90,90,90,90,90,90,100,100,73,provided
Roopsee-F-CL-31,Aqualogica 5 Barrier+ Repair Gentle Cleanser with Avocado & 5 Essential Ceramides,Aqualogica,Face,,,,India,Cleanser,"Dryness, Barrier Repair, Redness/Irritation, Dehydration",100ml,249,249,249,Ceramide (5 types),"Avocado Extract, Aloe Vera",,,,,,,,,,,,,Roopsee-F-CL-31,100,100,100,30,10,95,10,10,5,5,98,10,15,96,98,35,5,78,80,95,100,100,92,98,90,96,100,100,100,74,provided
Roopsee-F-TO-11,Aqualogica Hydrate+ Refresh Toning Mist with Coconut Water & Hyaluronic Acid,Aqualogica,Face,,,,India,Toner,"Dryness, Redness/Irritation, Dehydration",100ml,249,249,249,Hyaluronic Acid,"Coconut Water, Aloe Vera",,,,,,,,,,,,,Roopsee-F-TO-11,100,100,100,20,10,90,5,10,5,5,80,5,10,90,98,35,5,68,82,90,98,100,92,96,90,94,100,100,100,75,provided
Roopsee-F-MO-32,Aqualogica Glow+ Oil Free Moisturizer with Papaya & Vitamin C,Aqualogica,Face,,,,India,Moisturizer,"Dehydration, Dullness",100g,399,399,399,Vitamin C,"Papaya Extract, Niacinamide",,,,,,,,,,,,,Roopsee-F-MO-32,100,100,100,45,15,78,25,82,80,50,72,20,25,82,90,90,25,80,95,92,72,75,90,92,94,92,70,100,100,76,provided
Roopsee-F-MO-33,Aqualogica Radiance+ JellO Moisturizer,Aqualogica,Face,,,,India,Moisturizer,Dehydration,50g,499,499,499,Niacinamide,"Watermelon Extract, Hyaluronic Acid",,,,,,,,,,,,,Roopsee-F-MO-33,100,100,100,72,20,82,68,78,75,50,75,65,20,85,90,82,25,84,98,95,78,82,92,94,96,95,75,100,100,77,provided
Roopsee-F-SU-28,Aqualogica Radiance+ Water Light Fluid Sunscreen,Aqualogica,Face,,,,India,Sunscreen,Tanning,25ml,219,219,219,Niacinamide,"Watermelon Extract, SPF UV Filters",,,,,,,,,,,,,Roopsee-F-SU-28,100,100,100,25,10,70,25,60,65,40,60,15,25,78,75,68,98,86,95,92,68,65,90,86,92,90,60,100,100,78,provided
Roopsee-F-MO-34,Aqualogica Glow+ JellO Moisturizer,Aqualogica,Face,,,,India,Moisturizer,"Dehydration, Dullness",50g,499,499,499,Vitamin C,"Papaya Extract, Hyaluronic Acid",,,,,,,,,,,,,Roopsee-F-MO-34,100,100,100,40,15,85,20,85,82,52,75,18,25,85,92,90,25,82,92,90,85,90,90,92,91,92,90,100,100,79,provided
Roopsee-F-MO-35,Aqualogica Glow+ Mousse Night Gel,Aqualogica,Face,,,,India,Moisturizer,"Dryness, Redness/Irritation, Dehydration, Dullness",50ml,599,599,599,Vitamin C,"Papaya Extract, Niacinamide",,,,,,,,,,,,,Roopsee-F-MO-35,100,100,100,42,15,90,22,86,84,55,78,20,30,90,95,92,25,84,90,86,90,92,90,92,89,91,95,100,100,80,provided
Roopsee-F-MO-36,Aqualogica Radiance+ Oil Free Moisturizer with Watermelon & Niacinamide,Aqualogica,Face,,,,India,Moisturizer,Dehydration,100g,399,399,399,Niacinamide,"Watermelon Extract, Hyaluronic Acid",,,,,,,,,,,,,Roopsee-F-MO-36,100,100,100,72,20,80,68,78,75,50,75,65,20,85,90,82,25,84,98,95,75,80,92,94,96,95,72,100,100,81,provided
Roopsee-F-MO-37,Aqualogica Glow+ Milk Fluid Moisturizer with Vitamin C & Papaya,Aqualogica,Face,,,,India,Moisturizer,"Dryness, Redness/Irritation, Dehydration, Dullness",70ml,449,449,449,Vitamin C,"Papaya Extract, Hyaluronic Acid",,,,,,,,,,,,,Roopsee-F-MO-37,100,100,100,42,15,90,20,86,84,55,80,18,28,90,95,92,25,84,90,86,92,95,90,92,89,91,95,100,100,82,provided
Roopsee-F-MO-38,Aqualogica 5 Barrier+ Milk Fluid Moisturizer,Aqualogica,Face,,,,India,Moisturizer,"Dryness, Barrier Repair, Redness/Irritation, Dehydration",70ml,449,449,449,Ceramide (5 types),"Avocado Extract, Hyaluronic Acid",,,,,,,,,,,,,Roopsee-F-MO-38,100,100,100,35,10,98,10,15,10,5,100,10,35,96,98,50,5,85,78,90,100,100,90,96,85,94,100,100,100,83,provided
Roopsee-B-LO-12,Aqualogica Radiance+ Silky Body Lotion with Watermelon & Niacinamide,Aqualogica,Body,,,,India,Body Lotion,"Dryness, Dehydration, Dullness",200ml,349,349,349,Niacinamide,"Watermelon Extract, Kojic Acid",,,,,,,,,,,,,Roopsee-B-LO-12,100,100,100,30,45,90,15,82,80,50,78,15,25,85,92,90,30,84,75,72,95,90,85,82,82,80,98,100,100,84,provided
Roopsee-F-SE-59,Aqualogica Glow+ 30X Vitamin C Hydrating Essence Serum,Aqualogica,Face,,,,India,Serum,"Uneven Skin Tone, Dark Spots/Pigmentation, Dullness",50ml,599,599,599,Vitamin C (30X),"Papaya Extract, Hyaluronic Acid",,,,,,,,,,,,,Roopsee-F-SE-59,100,100,100,50,15,60,35,92,90,68,55,25,68,68,68,98,70,90,86,80,72,68,90,84,90,82,58,100,100,85,provided
Roopsee-F-SU-29,Aqualogica Detan+ Dewy Gel Sunscreen SPF 50+ PA++++ with Kojic-Hyaluron Complex & Wild Berries,Aqualogica,Face,,,,India,Sunscreen,"Dark Spots/Pigmentation, Tanning",50g,449,449,449,Kojic Acid,"Hyaluronic Acid, Wild Berries, SPF 50+ UV Filters",,,,,,,,,,,,,Roopsee-F-SU-29,100,100,100,25,10,75,15,82,90,68,65,10,25,80,85,82,98,90,90,90,78,75,90,86,89,87,78,100,100,86,provided
Roopsee-F-SU-30,Aqualogica Bright+ Makeup-Set Sunscreen Mist SPF 50+ PA++++,Aqualogica,Face,,,,India,Sunscreen,Tanning,80ml,649,649,649,SPF 50+ (UV Filters),"Niacinamide, Hyaluronic Acid",,,,,,,,,,,,,Roopsee-F-SU-30,100,100,100,15,10,65,10,35,40,25,50,10,20,75,70,50,98,80,95,92,62,60,90,85,92,90,50,100,100,87,provided
Roopsee-F-SU-31,Aqualogica 5 Barrier+ Repair Sunscreen SPF 50+ PA++++ with Avocado & 5 Essential Ceramides,Aqualogica,Face,,,,India,Sunscreen,"Dryness, Barrier Repair, Redness/Irritation, Dehydration, Tanning",50g,449,449,449,Ceramide (5 types),"Avocado Extract, SPF 50+ UV Filters",,,,,,,,,,,,,Roopsee-F-SU-31,100,100,100,20,10,90,10,20,15,10,95,10,30,92,92,55,98,90,82,95,95,98,90,96,90,95,92,100,100,88,provided
Roopsee-F-SU-32,Dr. Sheth's Ceramide & Vitamin C Sunscreen SPF 50+ PA++++,Dr. Sheth's,Face,,,,India,Sunscreen,"Barrier Repair, Redness/Irritation, Dehydration, Tanning",50g,499,499,499,Ceramide,"Vitamin C, SPF 50+ UV Filters",,,,,,,,,,,,,Roopsee-F-SU-32,100,100,100,25,10,82,15,78,82,55,90,10,35,90,90,80,98,90,90,92,85,90,90,92,89,91,85,100,100,89,provided
Roopsee-F-SU-33,Dr. Sheth's Haldi & Hyaluronic Acid Sunscreen SPF 50+ PA++++,Dr. Sheth's,Face,,,,India,Sunscreen,"Dryness, Redness/Irritation, Dehydration, Tanning",50g,499,499,499,Hyaluronic Acid,"Haldi (Turmeric), SPF 50+ UV Filters",,,,,,,,,,,,,Roopsee-F-SU-33,100,100,100,35,10,90,15,65,60,35,80,15,25,90,95,72,98,86,90,95,90,95,92,96,90,95,92,100,100,90,provided
Roopsee-F-SU-34,Dr. Sheth's Centella & Niacinamide Oil & Acne Control Sunscreen SPF 50+ PA++++,Dr. Sheth's,Face,,,,India,Sunscreen,"Redness/Irritation, Tanning",50g,699,699,699,Niacinamide,"Centella Asiatica, SPF 50+ UV Filters",,,,,,,,,,,,,Roopsee-F-SU-34,100,100,100,78,15,60,75,55,45,20,75,72,20,92,70,60,98,90,98,98,55,70,90,95,96,96,45,100,100,91,provided
Roopsee-F-CL-32,Dr. Sheth's Ceramide & Vitamin C Face Wash,Dr. Sheth's,Face,,,,India,Cleanser,"Dryness, Barrier Repair, Redness/Irritation, Dehydration",100g,349,349,349,Ceramide,"Vitamin C, Hyaluronic Acid",,,,,,,,,,,,,Roopsee-F-CL-32,100,100,100,35,10,90,15,35,30,15,92,15,20,92,95,68,10,78,82,95,95,98,90,96,90,95,95,100,100,92,provided
Roopsee-F-CL-33,Dr. Sheth's Neem & Salicylic Acid Foaming Face Wash,Dr. Sheth's,Face,,,,India,Cleanser,"Acne, Open Pores, Comedones",100ml,349,349,349,Salicylic Acid (2%),"Neem Extract, Zinc",,,,,,,,,,,,,Roopsee-F-CL-33,0,100,100,92,25,30,90,35,25,10,35,95,10,55,35,50,10,90,98,72,28,20,90,65,95,70,15,100,100,93,provided
Roopsee-F-CL-34,Dr. Sheth's Kesar & Kojic Acid Face Wash,Dr. Sheth's,Face,,,,India,Cleanser,Dehydration,100g,349,349,349,Kojic Acid,"Kesar (Saffron), Vitamin C",,,,,,,,,,,,,Roopsee-F-CL-34,100,100,100,25,10,75,15,78,82,68,70,10,15,85,90,78,20,80,82,90,85,92,90,92,85,90,92,100,100,94,provided
Roopsee-F-SE-60,Dr. Sheth's Non-Irritating Ceramide & 15% Vitamin C Ampoule Serum,Dr. Sheth's,Face,,,,India,Serum,"Uneven Skin Tone, Dark Spots/Pigmentation, Dullness",30ml,699,699,699,Vitamin C (15%),"Ceramide, Niacinamide",,,,,,,,,,,,,Roopsee-F-SE-60,0,100,100,55,10,60,40,95,95,75,85,25,82,75,75,98,72,94,86,82,78,75,90,90,90,86,72,100,100,95,provided
Roopsee-F-SE-61,Dr. Sheth's Centella & 10% Niacinamide Ampoule Serum,Dr. Sheth's,Face,,,,India,Serum,"Acne, Redness/Irritation",30ml,499,499,499,Niacinamide (10%),"Centella Asiatica, Hyaluronic Acid",,,,,,,,,,,,,Roopsee-F-SE-61,100,100,100,90,20,55,82,78,72,50,65,80,25,90,68,82,25,90,98,95,65,72,92,96,95,96,55,100,100,96,provided
Roopsee-F-SE-62,Dr. Sheth's Kesar & 2% Kojic Acid Ampoule Serum,Dr. Sheth's,Face,,,,India,Serum,"Uneven Skin Tone, Dark Spots/Pigmentation, Melasma, Dullness",30ml,499,499,499,Kojic Acid (2%),"Kesar (Saffron), Vitamin C",,,,,,,,,,,,,Roopsee-F-SE-62,100,100,100,35,10,55,25,92,96,90,60,15,25,72,65,92,45,92,82,78,68,65,90,82,90,80,55,100,100,97,provided
Roopsee-F-MO-39,Dr. Sheth's Ceramide & Vitamin C Oil-Free Moisturizer,Dr. Sheth's,Face,,,,India,Moisturizer,"Dryness, Barrier Repair, Redness/Irritation, Dehydration",100g,599,599,599,Ceramide,"Vitamin C, Niacinamide",,,,,,,,,,,,,Roopsee-F-MO-39,100,100,100,45,10,90,25,72,75,45,92,20,35,90,92,82,25,86,92,96,90,95,92,96,92,95,90,100,100,98,provided
Roopsee-F-MO-40,Dr. Sheth's Ceramide & Vitamin C Daily Brightening & Repair Face Cream,Dr. Sheth's,Face,,,,India,Moisturizer,"Dryness, Barrier Repair, Redness/Irritation, Dehydration, Dullness",30g,499,499,499,Ceramide,"Vitamin C, Hyaluronic Acid",,,,,,,,,,,,,Roopsee-F-MO-40,100,100,100,42,10,90,20,82,85,55,95,18,38,90,95,90,30,90,90,92,95,98,92,96,90,95,95,100,100,99,provided
Roopsee-F-MO-41,Dr. Sheth's Centella & Niacinamide Moisturizing Cream,Dr. Sheth's,Face,,,,India,Moisturizer,"Dryness, Barrier Repair, Redness/Irritation, Dehydration",50g,349,349,349,Niacinamide,"Centella Asiatica, Hyaluronic Acid",,,,,,,,,,,,,Roopsee-F-MO-41,100,100,100,72,15,92,55,42,35,15,95,55,20,98,95,55,10,84,92,98,92,98,95,100,94,99,95,100,100,100,provided
Roopsee-F-MO-42,Dr. Sheth's Kesar & Kojic Acid Oil-Free Moisturizer,Dr. Sheth's,Face,,,,India,Moisturizer,"Uneven Skin Tone, Dark Spots/Pigmentation, Dehydration, Dullness",50g,349,349,349,Kojic Acid,"Kesar (Saffron), Niacinamide",,,,,,,,,,,,,Roopsee-F-MO-42,100,100,100,40,10,82,25,90,92,82,72,18,25,82,90,90,35,90,90,90,82,85,90,90,90,89,82,100,100,101,provided
Roopsee-F-SE-63,Dr. Sheth's Neem & 2% Salicylic Acid Ampoule Serum,Dr. Sheth's,Face,,,,India,Serum,"Acne, Open Pores, Comedones",30g,499,499,499,Salicylic Acid (2%),"Neem Extract, Niacinamide",,,,,,,,,,,,,Roopsee-F-SE-63,0,100,100,98,35,20,95,45,35,15,35,99,10,45,25,55,10,95,100,72,20,15,90,65,98,72,10,100,100,102,provided
Roopsee-F-SE-64,Dr. Sheth's Ceramide Barrier Repair Serum,Dr. Sheth's,Face,,,,India,Serum,"Dryness, Barrier Repair, Redness/Irritation, Dehydration",30g,499,499,499,Ceramide,"Niacinamide, Peptides",,,,,,,,,,,,,Roopsee-F-SE-64,100,100,100,35,10,98,10,15,10,5,100,10,35,98,98,50,5,90,82,95,100,100,90,98,90,96,100,100,100,103,provided
Roopsee-F-MO-43,Dr. Sheth's Cica & Ceramide Oil-Free Moisturizer,Dr. Sheth's,Face,,,,India,Moisturizer,"Dryness, Barrier Repair, Redness/Irritation, Dehydration",50g,349,349,349,Cica (Centella Asiatica),"Ceramide, Hyaluronic Acid",,,,,,,,,,,,,Roopsee-F-MO-43,100,100,100,75,15,90,55,35,30,15,98,55,20,100,95,50,5,86,95,100,90,96,95,100,95,99,92,100,100,104,provided
Roopsee-F-MA-19,Dr. Sheth's Haldi & Hyaluronic Acid Sleeping Mask,Dr. Sheth's,Face,,,,India,Mask,"Dryness, Redness/Irritation, Dehydration",40g,649,649,649,Hyaluronic Acid,"Haldi (Turmeric), Peptides",,,,,,,,,,,,,Roopsee-F-MA-19,100,100,100,25,10,98,5,20,15,10,85,5,25,95,100,60,5,78,80,90,100,100,90,98,90,96,100,100,100,105,provided
Roopsee-B-LO-13,Dr. Sheth's Ceramide Body Lotion,Dr. Sheth's,Body,,,,India,Body Lotion,"Dryness, Barrier Repair, Redness/Irritation, Dehydration",200ml,349,349,349,Ceramide,"Glycerin, Hyaluronic Acid",,,,,,,,,,,,,Roopsee-B-LO-13,100,100,100,25,15,98,10,10,5,5,100,10,30,98,98,45,5,85,72,90,100,100,90,96,85,94,100,100,100,106,provided
Roopsee-B-LO-14,Dot & Key Vitamin C + E Super Bright Body Lotion with Blood Orange & Niacinamide,Dr. Sheth's,Body,,,,India,Body Lotion,"Dark Spots/Pigmentation, Dehydration, Dullness",250ml,395,395,395,Vitamin C,"Vitamin E, Niacinamide, Blood Orange",,,,,,,,,,,,,Roopsee-B-LO-14,100,100,100,35,45,85,15,85,90,55,75,15,30,80,90,90,40,86,80,78,92,90,85,82,84,80,95,100,100,107,provided
Roopsee-B-WA-13,Dr. Sheth's Ceramide Body Wash,Dr. Sheth's,Body,,,,India,Body Wash,"Dryness, Barrier Repair, Redness/Irritation, Dehydration",250ml,399,399,399,Ceramide,"Glycerin, Hyaluronic Acid",,,,,,,,,,,,,Roopsee-B-WA-13,100,100,100,20,15,92,10,10,5,5,95,10,15,95,95,35,5,76,78,92,98,100,90,96,90,95,100,100,100,108,provided
Roopsee-B-WA-14,Dr. Sheth's Vitamin C Body Wash,Dr. Sheth's,Body,,,,India,Body Wash,"Redness/Irritation, Dehydration, Dullness",250ml,399,399,399,Vitamin C,"Glycerin, Ceramide",,,,,,,,,,,,,Roopsee-B-WA-14,100,100,100,25,35,70,15,78,82,50,65,10,15,90,90,90,25,80,82,85,78,82,85,90,84,86,80,100,100,109,provided
Roopsee-B-WA-15,Dr. Sheth's Kojic Acid Body Wash,Dr. Sheth's,Body,,,,India,Body Wash,Dark Spots/Pigmentation,250ml,400,400,400,Kojic Acid,"Vitamin C, Glycerin",,,,,,,,,,,,,Roopsee-B-WA-15,100,100,100,25,40,68,15,85,90,78,60,10,15,78,75,82,25,84,80,82,75,78,82,90,81,90,75,100,100,110,provided
Roopsee-F-SU-35,Dr. Sheth's Ceramide & Vitamin C Oil-Free Sunscreen SPF 50+ PA++++,Dr. Sheth's,Face,,,,India,Sunscreen,"Barrier Repair, Redness/Irritation, Dehydration, Tanning",30ml,299,299,299,Ceramide,"Vitamin C, SPF 50+ UV Filters",,,,,,,,,,,,,Roopsee-F-SU-35,100,100,100,25,10,82,15,78,82,55,90,10,35,90,90,80,98,90,90,92,85,90,90,92,89,91,85,100,100,111,provided
Roopsee-F-CL-35,Dr. Sheth's Oats & Ceramide Sensitive Skin Cleanser,Dr. Sheth's,Face,,,,India,Cleanser,"Dryness, Barrier Repair, Redness/Irritation, Dehydration",125ml,399,399,399,Ceramide,"Oat Extract, Hyaluronic Acid",,,,,,,,,,,,,Roopsee-F-CL-35,100,100,100,25,10,95,10,10,5,5,98,10,15,100,98,40,5,80,80,100,98,100,90,100,90,99,100,100,100,112,provided
Roopsee-F-MO-44,Dr. Sheth's Gulab & Glycolic Acid Oil-Free Moisturizer,Dr. Sheth's,Face,,,,India,Moisturizer,Dark Spots/Pigmentation,50g,349,349,349,Glycolic Acid,"Gulab (Rose), Niacinamide",,,,,,,,,,,,,Roopsee-F-MO-44,0,100,100,55,15,72,65,82,90,65,65,55,35,65,72,82,35,86,92,75,65,55,90,78,90,80,60,100,100,113,provided
Roopsee-F-SU-36,Dr. Sheth's Oats & Ceramide Sunscreen for Sensitive Skin SPF 50+ PA++++,Dr. Sheth's,Face,,,,India,Sunscreen,"Dryness, Barrier Repair, Redness/Irritation, Dehydration, Tanning",50g,499,499,499,Ceramide,"Oat Extract, SPF 50+ UV Filters",,,,,,,,,,,,,Roopsee-F-SU-36,100,100,100,20,10,90,10,15,10,5,95,10,25,100,95,45,98,90,82,100,92,100,90,100,90,99,95,100,100,114,provided
Roopsee-F-SU-37,Dr. Sheth's Kesar & Kojic Acid Sunscreen SPF 50+ PA++++,Dr. Sheth's,Face,,,,India,Sunscreen,"Uneven Skin Tone, Dark Spots/Pigmentation, Tanning",50g,499,499,499,Kojic Acid,"Kesar (Saffron), SPF 50+ UV Filters",,,,,,,,,,,,,Roopsee-F-SU-37,100,100,100,25,10,75,15,90,92,82,65,10,25,80,82,82,98,92,90,85,78,75,90,86,89,87,75,100,100,115,provided
Roopsee-F-MO-45,Dr. Sheth's Ceramide & Vitamin C Brightening Oil-Free Moisturizer,Dr. Sheth's,Face,,,,India,Moisturizer,"Dryness, Barrier Repair, Redness/Irritation, Dehydration",50g,349,349,349,Ceramide,"Vitamin C, Niacinamide",,,,,,,,,,,,,Roopsee-F-MO-45,100,100,100,45,10,90,25,78,82,55,95,20,35,92,95,85,30,90,90,95,92,98,92,96,91,95,95,100,100,116,provided
Roopsee-F-MO-46,Dr. Sheth's Kesar & Kojic Daily Pigmentation Correction Cream,Dr. Sheth's,Face,,,,India,Moisturizer,"Uneven Skin Tone, Dark Spots/Pigmentation, Melasma, Dullness",30g,499,499,499,Kojic Acid,"Kesar (Saffron), Tranexamic Acid",,,,,,,,,,,,,Roopsee-F-MO-46,100,100,100,30,10,70,20,92,96,90,65,15,25,75,78,90,40,94,82,78,72,68,90,82,90,80,68,100,100,117,provided
Roopsee-B-LO-15,Fixderma FCL Oatsilk Body Lotion,Fixderma,Body,,,,India,Body Lotion,"Dryness, Barrier Repair, Redness/Irritation, Dehydration",200ml,995,995,995,Colloidal Oat (Oatsilk),"Shea Butter, Linoleic Acid",,,,,,,,,,,,,Roopsee-B-LO-15,100,100,100,15,10,98,5,10,5,5,100,5,25,100,98,45,5,84,65,90,100,100,82,96,75,94,100,100,100,118,provided
Roopsee-F-MO-47,Fixderma Fidelia Moisturizing Cream,Fixderma,Face,,,,India,Moisturizer,"Dryness, Barrier Repair, Redness/Irritation, Dehydration",60ml,225,225,225,Lactic Acid,"Urea, Allantoin, Aloe Vera",,,,,,,,,,,,,Roopsee-F-MO-47,100,100,100,25,10,100,5,10,5,5,100,5,30,98,100,40,5,85,62,90,100,100,80,95,72,92,100,100,100,119,provided
Roopsee-F-MO-48,Fixderma Cleovera Cica Cream,Fixderma,Face,,,,India,Moisturizer,"Dryness, Barrier Repair, Redness/Irritation, Dehydration",50g,575,575,575,Centella Asiatica (Gotu Kola),"Aloe Vera, Vitamin A, Vitamin E",,,,,,,,,,,,,Roopsee-F-MO-48,100,100,100,70,15,90,45,25,20,10,95,45,20,100,92,50,5,84,90,100,90,98,92,100,91,99,90,100,100,120,provided
Roopsee-F-SE-65,Fixderma Reticuram Retinol Serum,Fixderma,Face,,,,India,Serum,Wrinkles/Fine lines,15ml,725,725,725,Retinol (Retistar),"Shea Butter, Vitamin E",,,,,,,,,,,,,Roopsee-F-SE-65,-100,100,100,82,25,50,78,75,72,45,55,80,92,55,55,82,15,90,90,65,78,58,90,70,90,72,45,-100,-100,121,provided
Roopsee-F-SU-38,Fixderma Shadow SPF 30+ Sunscreen Cream,Fixderma,Face,,,,India,Sunscreen,Tanning,75g,440,440,440,SPF 30+ (UV Filters),"Vitamin E, Aloe Vera",,,,,,,,,,,,,Roopsee-F-SU-38,100,100,100,15,10,78,10,30,35,20,65,10,25,80,85,50,95,78,82,90,82,90,85,90,84,89,82,100,100,122,provided
Roopsee-F-SU-39,Fixderma Shadow Kids SPF 30+ Lotion,Fixderma,Face,,,,India,Sunscreen,"Redness/Irritation, Dehydration, Tanning",75g,525,525,525,SPF 30+ (UV Filters),"Vitamin E, Aloe Vera",,,,,,,,,,,,,Roopsee-F-SU-39,100,100,100,10,10,82,5,20,25,15,70,5,20,92,90,45,95,76,78,95,85,95,85,95,82,94,90,100,100,123,provided
Roopsee-F-SU-40,Fixderma Shadow Sunscreen Lotion SPF 80+,Fixderma,Face,,,,India,Sunscreen,Tanning,75g,785,785,785,SPF 80+ (UV Filters),"Vitamin E, Aloe Vera",,,,,,,,,,,,,Roopsee-F-SU-40,100,100,100,15,10,75,10,35,40,25,60,10,25,78,80,50,100,84,82,85,78,82,85,90,84,87,78,100,100,124,provided
Roopsee-F-TR-02,Fixderma Salyzap Acne Spot Corrector Gel,Fixderma,Face,,,,India,Treatment,"Acne, Open Pores, Comedones",20g,380,380,380,Salicylic Acid (2%),"Tea Tree Oil, Niacinamide",,,,,,,,,,,,,Roopsee-F-TR-02,0,100,100,98,20,15,92,35,25,10,30,99,5,40,15,35,5,90,100,70,15,10,90,60,98,68,5,100,100,125,provided
Roopsee-B-BS-01,Fixderma Salyzap Spray for Body Acne,Fixderma,Body,,,,India,Body spray,"Acne, Body Acne, Comedones",50ml,385,385,385,Salicylic Acid (2%),"Retinol, Tea Tree Oil",,,,,,,,,,,,,Roopsee-B-BS-01,0,100,100,90,99,15,85,35,25,10,25,92,5,35,15,35,5,92,95,68,15,10,85,58,92,65,5,100,100,126,provided
Roopsee-B-LO-16,Fixderma Moisturizing Lotion,Fixderma,Body,,,,India,Body Lotion,"Dryness, Barrier Repair, Redness/Irritation, Dehydration",150ml,335,335,335,Urea,"Lactic Acid, Aloe Vera",,,,,,,,,,,,,Roopsee-B-LO-16,100,100,100,20,10,98,5,10,5,5,98,5,25,95,98,40,5,82,68,85,100,100,82,95,75,92,100,100,100,127,provided
Roopsee-F-MO-49,Fixderma Face 21 Cream,Fixderma,Face,,,,India,Moisturizer,"Uneven Skin Tone, Dark Spots/Pigmentation, Dullness",50g,475,475,475,Alpha Arbutin (2%),"Niacinamide, Bakuchiol, Hyaluronic Acid",,,,,,,,,,,,,Roopsee-F-MO-49,100,100,100,65,20,65,55,90,92,85,72,45,30,82,75,90,35,92,90,85,72,68,85,82,86,82,65,100,100,128,provided
Roopsee-F-CL-36,Fixderma Dewrav Gentle & Hydrating Face Wash,Fixderma,Face,,,,India,Cleanser,"Dryness, Barrier Repair, Redness/Irritation, Dehydration",100ml,299,299,299,Aloe Vera,"Panthenol, Probiotics",,,,,,,,,,,,,Roopsee-F-CL-36,100,100,100,30,15,92,10,10,5,5,90,10,15,92,98,35,5,72,78,90,98,100,90,96,90,94,100,100,100,129,provided
Roopsee-F-CL-37,Fixderma Vitamin C Face Wash for Oily Skin,Fixderma,Face,,,,India,Cleanser,Dullness,75g,250,250,250,Vitamin C,"Niacinamide, Aloe Vera",,,,,,,,,,,,,Roopsee-F-CL-37,100,100,100,55,20,55,45,72,75,45,60,40,20,72,65,90,20,80,92,85,62,58,90,80,90,82,50,100,100,130,provided
Roopsee-F-MO-50,Fixderma Dewrav Brightening & Oil Free Face Moisturizer,Fixderma,Face,,,,India,Moisturizer,"Redness/Irritation, Dehydration",50g,385,385,385,Aloe Vera,"ACB Fruit Mix, Panthenol",,,,,,,,,,,,,Roopsee-F-MO-50,100,100,100,75,20,72,68,65,60,35,78,65,20,90,90,72,15,82,98,95,68,75,92,95,96,95,62,100,100,131,provided
Roopsee-F-MO-51,Fixderma Brightening Gel Cream,Fixderma,Face,,,,India,Moisturizer,"Uneven Skin Tone, Dark Spots/Pigmentation, Dullness",50g,495,495,495,White Tomato Extract,"Niacinamide, Alpha Arbutin",,,,,,,,,,,,,Roopsee-F-MO-51,100,100,100,45,15,75,35,92,95,85,72,25,25,80,82,90,40,94,90,85,78,75,90,85,90,85,75,100,100,132,provided
Roopsee-F-MO-52,Fixderma Epifager Ultra Cream,Fixderma,Face,,,,India,Moisturizer,"Dryness, Barrier Repair, Redness/Irritation, Dehydration",30ml,675,675,675,White Tomato Extract,"Kojic Acid, Glutathione, Niacinamide",,,,,,,,,,,,,Roopsee-F-MO-52,100,100,100,30,10,100,10,10,5,5,100,10,35,98,100,40,5,86,72,90,100,100,85,96,82,94,100,100,100,133,provided
Roopsee-F-SU-41,Fixderma Brightening Sunscreen SPF 50+,Fixderma,Face,,,,India,Sunscreen,Tanning,50g,500,500,500,SPF 50+ (UV Filters),"Niacinamide, Vitamin C",,,,,,,,,,,,,Roopsee-F-SU-41,100,100,100,25,10,70,15,82,85,65,65,10,25,78,75,82,98,90,90,85,72,68,90,85,90,85,68,100,100,134,provided
Roopsee-B-LO-17,Fixderma Ceramide Body Lotion,Fixderma,Body,,,,India,Body Lotion,"Dryness, Barrier Repair, Redness/Irritation, Dehydration",250ml,675,675,675,Ceramide,"Glycerin, Hyaluronic Acid",,,,,,,,,,,,,Roopsee-B-LO-17,100,100,100,20,10,98,5,10,5,5,100,5,25,98,98,40,5,84,68,85,100,100,82,95,75,92,100,100,100,135,provided
Roopsee-B-LO-18,Fixderma Brightening Body Lotion,Fixderma,Body,,,,India,Body Lotion,"Dryness, Uneven Skin Tone, Dark Spots/Pigmentation, Dehydration, Dullness",200ml,625,625,625,Niacinamide,"White Mulberry Extract, Ceramide",,,,,,,,,,,,,Roopsee-B-LO-18,100,100,100,40,55,90,20,90,92,80,85,15,25,82,90,90,35,92,82,80,95,92,90,85,85,82,98,100,100,136,provided
Roopsee-B-LO-19,Fixderma Dewrav Deep Exfoliating Body Lotion,Fixderma,Body,,,,India,Body Lotion,Body Acne,200ml,595,595,595,AHA Complex,"Glycolic Acid, Lactic Acid, Niacinamide",,,,,,,,,,,,,Roopsee-B-LO-19,0,100,100,60,90,78,45,82,85,70,60,40,35,55,78,82,25,90,68,60,90,80,75,70,72,68,92,100,100,137,provided
Roopsee-B-LO-20,Fixderma Teenilicious Bum Body Cream,Fixderma,Body,,,,India,Body Lotion,"Dryness, Wrinkles/Fine lines, Dehydration",100ml,300,300,300,Retinol (Retistar),"Shea Butter, Kalahari Melon Extract",,,,,,,,,,,,,Roopsee-B-LO-20,-100,100,100,45,35,92,20,40,35,20,78,15,90,65,92,55,10,78,70,65,98,92,82,78,78,75,100,-100,-100,138,provided
Roopsee-B-TR-01,Fixderma Underarm Roll-On,Fixderma,Body,,,,India,Body treatment,"Uneven Skin Tone, Dark Spots/Pigmentation, Melasma",60ml,440,440,440,Lactic Acid (6% AHA),"Mandelic Acid (1%), Kojic Acid, Niacinamide",,,,,,,,,,,,,Roopsee-B-TR-01,0,100,100,35,25,45,30,92,95,90,55,20,15,60,50,78,15,95,90,75,50,42,80,72,82,75,35,100,100,139,provided
Roopsee-B-LO-21,Fixderma Teenilicious Body Lotion Gold Sparkle,Fixderma,Body,,,,India,Body Lotion,"Dehydration, Tanning",150ml,425,425,425,SPF 50+ (UV Filters),"Glycerin, Vitamin E",,,,,,,,,,,,,Roopsee-B-LO-21,100,100,100,15,15,82,10,20,20,10,70,10,20,85,90,40,100,75,82,80,90,90,85,90,84,86,92,100,100,140,provided
Roopsee-B-LO-22,Fixderma Fidelia Hydrating Body Lotion,Fixderma,Body,,,,India,Body Lotion,"Dryness, Dehydration",100ml,315,315,315,Lactic Acid,"Avocado Oil, Glycerin",,,,,,,,,,,,,Roopsee-B-LO-22,0,100,100,35,55,95,20,35,30,15,82,15,25,78,98,55,10,75,72,68,100,98,85,90,80,82,100,100,100,141,provided
Roopsee-B-LO-23,Fixderma Fidelia Nourishing Body Lotion,Fixderma,Body,,,,India,Body Lotion,"Dryness, Barrier Repair, Redness/Irritation, Dehydration",100ml,325,325,325,Shea Butter,"Sweet Almond Oil, Vitamin E",,,,,,,,,,,,,Roopsee-B-LO-23,100,100,100,20,15,100,5,10,5,5,95,5,35,92,100,40,5,70,60,55,100,100,82,90,75,80,100,100,100,142,provided
Roopsee-F-SU-42,Fixderma Shadow SPF 50+ Tinted Sunscreen,Fixderma,Face,,,,India,Sunscreen,Tanning,100ml,325,325,325,SPF 50+ (UV Filters),"Tinted Pigments, Niacinamide",,,,,,,,,,,,,Roopsee-F-SU-42,100,100,100,20,10,72,15,45,50,35,68,10,25,80,78,55,100,82,90,85,72,70,86,85,90,86,68,100,100,143,provided
Roopsee-F-SU-43,Fixderma Acne Safe Sunscreen SPF 50+,Fixderma,Face,,,,India,Sunscreen,Tanning,75g,499,499,499,Salicylic Acid,"Niacinamide, Vitamin E",,,,,,,,,,,,,Roopsee-F-SU-43,0,100,100,82,35,55,75,40,35,15,58,85,20,65,65,45,100,90,98,90,55,62,90,82,95,90,50,100,100,144,provided
Roopsee-F-CL-38,Fixderma Strawberry Face Wash,Fixderma,Face,,,,India,Cleanser,Acne,75g,250,250,250,Strawberry Extract,"Salicylic Acid, Vitamin E",,,,,,,,,,,,,Roopsee-F-CL-38,100,100,100,90,20,55,62,45,40,20,55,72,15,72,65,68,15,72,92,85,58,62,82,80,90,85,52,100,100,145,provided
Roopsee-F-CL-39,Fixderma Skarfix-TX Face Cleanser,Fixderma,Face,,,,India,Cleanser,"Uneven Skin Tone, Dark Spots/Pigmentation, Melasma",75g,275,275,275,Tranexamic Acid,"Kojic Acid, Alpha Arbutin",,,,,,,,,,,,,Roopsee-F-CL-39,100,100,100,35,10,72,20,90,92,95,60,15,15,78,82,75,15,94,90,80,78,75,85,82,90,82,72,100,100,146,provided
Roopsee-F-CL-40,Fixderma C Scape Cleanser with Vitamin C,Fixderma,Face,,,,India,Cleanser,"Dark Spots/Pigmentation, Dullness",75g,450,450,450,Vitamin C,"AHA Fruit Extracts, Niacinamide",,,,,,,,,,,,,Roopsee-F-CL-40,100,100,100,45,15,65,35,82,90,55,60,30,20,72,72,90,20,84,92,85,68,65,90,82,90,85,60,100,100,147,provided
Roopsee-F-MO-53,Fixderma Dewrav Moisturizing Cream For Dry To Very Dry Skin,Fixderma,Face,,,,India,Moisturizer,"Dryness, Barrier Repair, Redness/Irritation, Dehydration",50g,120,120,120,Magnesium Oil,"Shea Butter, Aloe Vera, Coconut Oil",,,,,,,,,,,,,Roopsee-F-MO-53,100,100,100,15,10,100,5,10,5,5,95,5,30,92,100,40,5,78,45,40,100,100,75,85,65,75,100,100,100,148,provided
Roopsee-F-MO-54,Fixderma Brightening Moisture Gel,Fixderma,Face,,,,India,Moisturizer,"Uneven Skin Tone, Dark Spots/Pigmentation, Dehydration, Dullness",50g,350,350,350,White Tomato Extract,"Niacinamide, Hyaluronic Acid",,,,,,,,,,,,,Roopsee-F-MO-54,100,100,100,45,15,85,35,90,90,72,75,25,25,82,90,90,25,90,90,90,82,80,90,90,90,90,82,100,100,149,provided
Roopsee-F-SE-66,Fixderma 17% Vitamin C Face Serum,Fixderma,Face,,,,India,Serum,"Uneven Skin Tone, Dark Spots/Pigmentation, Dullness",30g,699,699,699,Vitamin C (17%),"Hyaluronic Acid, Niacinamide",,,,,,,,,,,,,Roopsee-F-SE-66,0,100,100,55,10,55,45,95,98,82,65,30,75,60,68,98,65,96,90,78,65,58,85,75,86,76,50,100,100,150,provided
Roopsee-F-MO-55,Fixderma Skarfix-TX Cream,Fixderma,Face,,,,India,Moisturizer,"Uneven Skin Tone, Dark Spots/Pigmentation, Melasma, Dullness",30g,750,750,750,Tranexamic Acid,"Kojic Acid, Alpha Arbutin, Niacinamide",,,,,,,,,,,,,Roopsee-F-MO-55,100,100,100,45,15,68,35,95,98,98,72,25,35,78,75,92,25,98,90,80,75,72,90,82,90,80,68,100,100,151,provided
Roopsee-F-SU-44,Fixderma Brightening Sunscreen Fluid SPF 50+,Fixderma,Face,,,,India,Sunscreen,Tanning,50g,500,500,500,SPF 50+ (UV Filters),"Niacinamide, Vitamin C",,,,,,,,,,,,,Roopsee-F-SU-44,100,100,100,25,10,72,15,82,85,65,68,10,25,82,78,82,100,92,92,90,72,70,90,90,91,89,68,100,100,152,provided
Roopsee-F-SU-45,Fixderma Shadow Dewy SPF 50 Sunscreen Spray,Fixderma,Face,,,,India,Sunscreen,"Redness/Irritation, Dehydration, Tanning",50ml,500,500,500,SPF 50 (UV Filters),"Hyaluronic Acid, Niacinamide",,,,,,,,,,,,,Roopsee-F-SU-45,100,100,100,20,10,82,10,55,60,35,78,10,20,90,90,68,100,82,90,90,82,85,90,92,90,91,82,100,100,153,provided
Roopsee-F-MO-56,Fixderma Cleovera Cream for Sensitive Skin,Fixderma,Face,,,,India,Moisturizer,"Dryness, Barrier Repair, Redness/Irritation, Dehydration",50g,575,575,575,Aloe Vera,"Centella Asiatica (Gotu Kola), Vitamin A",,,,,,,,,,,,,Roopsee-F-MO-56,0,100,100,55,15,90,25,35,30,15,92,20,45,98,95,55,10,80,78,90,95,98,90,96,85,94,95,100,100,154,provided
Roopsee-F-TO-12,Anua Heartleaf 77% Soothing Toner,Anua,Face,,,,South Korea,Toner,"Barrier Repair, Redness/Irritation, Dehydration",250ml,2050,2050,2050,Heartleaf (Houttuynia Cordata) 77%,"Panthenol, Hyaluronic Acid",,,,,,,,,,,,,Roopsee-F-TO-12,100,100,100,78,15,85,68,45,35,20,90,65,20,100,95,55,10,82,98,100,85,95,95,100,98,100,90,100,100,155,provided
Roopsee-F-MO-57,Anua Heartleaf 70 Intense Calming Cream,Anua,Face,,,,South Korea,Moisturizer,"Dryness, Barrier Repair, Redness/Irritation, Dehydration",50ml,2650,2650,2650,Heartleaf (Houttuynia Cordata) 70%,"Centella Asiatica, Ceramide",,,,,,,,,,,,,Roopsee-F-MO-57,100,100,100,72,15,95,45,35,25,15,98,35,25,100,98,50,10,86,90,100,98,100,95,100,92,100,100,100,100,156,provided
Roopsee-F-CL-41,Anua Heartleaf Quercetinol Pore Deep Cleansing Foam,Anua,Face,,,,South Korea,Cleanser,Comedones,150ml,1150,1150,1150,Heartleaf (Houttuynia Cordata),"Quercetinol, LHA",,,,,,,,,,,,,Roopsee-F-CL-41,100,100,100,85,20,45,82,30,20,10,58,90,15,82,55,45,5,84,98,95,45,42,90,82,95,90,35,100,100,157,provided
Roopsee-F-SE-67,Anua Heartleaf 80% Moisture Soothing Ampoule,Anua,Face,,,,South Korea,Serum,"Dryness, Barrier Repair, Redness/Irritation, Dehydration",30ml,2500,2500,2500,Heartleaf (Houttuynia Cordata) 80%,"Hyaluronic Acid, Panthenol",,,,,,,,,,,,,Roopsee-F-SE-67,100,100,100,75,15,92,55,35,25,15,92,45,20,100,100,50,10,90,95,100,95,100,95,100,95,100,98,100,100,158,provided
Roopsee-F-SE-68,Anua Niacinamide 10% + TXA 4% Serum,Anua,Face,,,,South Korea,Serum,"Acne, Uneven Skin Tone, Dark Spots/Pigmentation, Melasma, Dullness",30ml,2000,2000,2000,Niacinamide (10%),Tranexamic Acid (4%),,,,,,,,,,,,,Roopsee-F-SE-68,100,100,100,90,20,55,85,92,98,98,65,82,25,78,68,92,25,99,98,92,62,58,92,90,96,90,52,100,100,159,provided
Roopsee-F-SE-69,Anua Peach 70 Niacin Serum,Anua,Face,,,,South Korea,Serum,"Uneven Skin Tone, Dark Spots/Pigmentation, Redness/Irritation, Dehydration, Dullness",30ml,1950,1950,1950,Niacinamide (Niacin),"Peach Extract 70%, Hyaluronic Acid",,,,,,,,,,,,,Roopsee-F-SE-69,100,100,100,72,15,82,68,90,90,75,75,55,25,90,92,90,20,94,95,95,82,90,92,95,94,95,85,100,100,160,provided
Roopsee-F-MO-58,Anua Peach 77 Niacin Enriched Cream,Anua,Face,,,,South Korea,Moisturizer,"Dryness, Uneven Skin Tone, Dark Spots/Pigmentation, Barrier Repair, Redness/Irritation, Dehydration, Dullness",50ml,2500,2500,2500,Niacinamide (Niacin),"Peach Extract 77%, Ceramide",,,,,,,,,,,,,Roopsee-F-MO-58,100,100,100,68,15,92,58,90,90,75,92,45,30,92,95,90,20,94,90,95,95,98,92,96,92,96,98,100,100,161,provided
Roopsee-F-TO-13,Anua Rice 70 Glow Milky Toner,Anua,Face,,,,South Korea,Toner,"Dryness, Redness/Irritation, Dehydration",250ml,1900,1900,1900,Rice Extract (70%),"Niacinamide, Hyaluronic Acid",,,,,,,,,,,,,Roopsee-F-TO-13,100,100,100,45,10,92,25,82,78,55,85,15,20,90,98,85,15,90,90,92,95,98,90,95,89,94,100,100,100,162,provided
Roopsee-F-SU-46,Anua Heartleaf Silky Moisture Sun Cream SPF 50+ PA++++,Anua,Face,,,,South Korea,Sunscreen,"Dryness, Redness/Irritation, Dehydration, Tanning",50ml,1900,1900,1900,Heartleaf (Houttuynia Cordata),"SPF 50+ UV Filters, Hyaluronic Acid",,,,,,,,,,,,,Roopsee-F-SU-46,100,100,100,45,10,90,20,35,30,15,82,15,20,95,92,55,100,90,92,98,90,95,92,98,94,98,90,100,100,163,provided
Roopsee-F-TO-14,Anua Peach 77 Niacin Conditioning Milk,Anua,Face,,,,South Korea,Toner,"Dryness, Dark Spots/Pigmentation, Barrier Repair, Redness/Irritation, Dehydration, Dullness",150ml,2050,2050,2050,Niacinamide (Niacin),"Peach Extract 77%, Panthenol",,,,,,,,,,,,,Roopsee-F-TO-14,100,100,100,62,15,90,52,85,90,72,90,40,25,95,98,90,15,90,92,98,95,100,92,98,94,98,100,100,100,164,provided
Roopsee-F-MA-20,Anua Heartleaf LHA Moisture Peeling Gel,Anua,Face,,,,South Korea,Mask,"Open Pores, Comedones, Redness/Irritation",120ml,1600,1600,1600,LHA,"Heartleaf Extract, Hyaluronic Acid",,,,,,,,,,,,,Roopsee-F-MA-20,0,100,100,82,20,65,90,45,35,20,70,90,15,90,82,55,10,86,95,92,68,72,90,90,94,92,65,100,100,165,provided
Roopsee-F-CL-42,Anua Heartleaf Pore Control Cleansing Oil,Anua,Face,,,,South Korea,Cleanser,"Redness/Irritation, Dehydration",200ml,1650,1650,1650,Heartleaf (Houttuynia Cordata),"LHA, Jojoba Oil",,,,,,,,,,,,,Roopsee-F-CL-42,100,100,100,78,15,82,75,35,25,15,78,85,20,92,90,50,10,84,95,95,82,90,92,95,98,95,85,100,100,166,provided
Roopsee-F-SU-47,Anua Zero-Cast Moisturizing Finish Sunscreen SPF50+ PA++++,Anua,Face,,,,South Korea,Sunscreen,"Dryness, Redness/Irritation, Dehydration, Tanning",50ml,1750,1750,1750,SPF 50+ (UV Filters),"Heartleaf Extract, Hyaluronic Acid",,,,,,,,,,,,,Roopsee-F-SU-47,100,100,100,35,10,90,15,30,25,15,82,10,20,95,92,50,100,90,92,98,90,95,92,98,94,98,90,100,100,167,provided
Roopsee-F-MO-59,"Anua 3 Ceramide Panthenol Moisture Barrier Cream with Hyaluronic Acid, Barrier Care & 48H Hydration",Anua,Face,,,,South Korea,Moisturizer,"Dryness, Barrier Repair, Redness/Irritation, Dehydration",100ml,2100,2100,2100,Ceramide (3 types),"Panthenol, Hyaluronic Acid",,,,,,,,,,,,,Roopsee-F-MO-59,100,100,100,45,10,100,15,15,10,5,100,10,35,100,100,40,5,90,82,98,100,100,90,100,90,100,100,100,100,168,provided
Roopsee-F-SE-70,Anua 7 Rice Ceramide Hydrating Barrier Serum,Anua,Face,,,,South Korea,Serum,"Dryness, Barrier Repair, Redness/Irritation, Dehydration",50ml,2000,2000,2000,Rice Ceramide (7 types),"Hyaluronic Acid, Panthenol",,,,,,,,,,,,,Roopsee-F-SE-70,100,100,100,50,10,98,20,25,20,10,100,15,30,98,100,45,5,90,90,98,100,100,92,100,90,100,100,100,100,169,provided
Roopsee-F-CL-43,The Face Shop Rice Water Bright Cleansing Foam,The Face Shop,Face,,,,South Korea,Cleanser,Dullness,150ml,899,899,899,Rice Water,"Rice Bran Extract, Ceramide",,,,,,,,,,,,,Roopsee-F-CL-43,100,100,100,35,10,65,25,72,68,45,60,15,15,70,65,90,10,76,90,78,68,65,80,75,90,78,60,100,100,170,provided
Roopsee-F-CL-44,The Face Shop Rice Water Bright Light Cleansing Oil,The Face Shop,Face,,,,South Korea,Cleanser,Dehydration,55ml,549,549,549,Rice Water,"Ceramide, Mineral Oil",,,,,,,,,,,,,Roopsee-F-CL-44,100,100,100,55,15,82,45,45,35,20,75,65,20,82,90,55,10,80,90,82,85,90,90,85,90,86,82,100,100,171,provided
Roopsee-F-TO-15,The Face Shop Rice Ceramide Moisturizing Emulsion,The Face Shop,Face,,,,South Korea,Toner,"Dryness, Barrier Repair, Redness/Irritation, Dehydration",150ml,990,990,990,Rice Ceramide,"Rice Bran Extract, Hyaluronic Acid",,,,,,,,,,,,,Roopsee-F-TO-15,100,100,100,35,10,95,15,25,20,10,95,10,25,92,98,50,5,86,82,92,98,100,90,98,90,96,100,100,100,172,provided
Roopsee-F-MO-60,The Face Shop Rice Ceramide Moisturizing Cream,The Face Shop,Face,,,,South Korea,Moisturizer,"Dryness, Barrier Repair, Redness/Irritation, Dehydration",50ml,1040,1040,1040,Rice Ceramide,"Rice Bran Extract, Glycerin",,,,,,,,,,,,,Roopsee-F-MO-60,100,100,100,25,10,100,10,20,15,10,98,5,30,95,100,45,5,84,72,90,100,100,85,95,80,92,100,100,100,173,provided
Roopsee-F-SU-48,The Face Shop Natural Sun Eco Super Perfect Sun Cream SPF 50+ PA++++,The Face Shop,Face,,,,South Korea,Sunscreen,"Dehydration, Tanning",45ml,1199,1199,1199,SPF 50+ (UV Filters),"Ceramide, Vitamin E",,,,,,,,,,,,,Roopsee-F-SU-48,100,100,100,20,10,82,10,25,20,10,82,10,25,85,90,45,100,90,82,90,90,90,85,90,84,89,90,100,100,174,provided
Roopsee-F-MO-61,The Face Shop Jeju Aloe Fresh Soothing Gel,The Face Shop,Face,,,,South Korea,Moisturizer,"Dryness, Redness/Irritation, Dehydration",300ml,490,490,490,Aloe Vera (Jeju),"Hyaluronic Acid, Glycerin",,,,,,,,,,,,,Roopsee-F-MO-61,100,100,100,45,10,92,20,20,15,10,85,15,20,98,98,45,5,80,90,98,95,100,92,100,92,100,98,100,100,175,provided
Roopsee-F-SU-49,The Face Shop Natural Sun Eco No Shine Hydrating Sun Cream SPF 50+ PA++++,The Face Shop,Face,,,,South Korea,Sunscreen,"Dryness, Redness/Irritation, Dehydration, Tanning",30ml,849,849,849,SPF 50+ (UV Filters),"Hyaluronic Acid, Glycerin",,,,,,,,,,,,,Roopsee-F-SU-49,100,100,100,20,10,90,10,20,15,10,80,10,20,90,95,40,100,86,85,92,92,95,90,94,87,93,95,100,100,176,provided
Roopsee-F-SU-50,The Face Shop Rice Water Bright Moisture Sunscreen SPF50+ PA++++,The Face Shop,Face,,,,South Korea,Sunscreen,"Dryness, Barrier Repair, Redness/Irritation, Dehydration, Tanning",50ml,1550,1550,1550,Rice Water,"Ceramide, SPF 50+ UV Filters, Hyaluronic Acid",,,,,,,,,,,,,Roopsee-F-SU-50,100,100,100,25,10,90,15,45,42,25,90,10,20,90,95,55,100,90,82,90,95,98,90,95,86,94,98,100,100,177,provided
Roopsee-F-TO-16,The Face Shop Ceramide & Rice Face Toner - Korean Beauty Skincare for Brightness & Minimizes Pores,The Face Shop,Face,,,,South Korea,Toner,"Dryness, Barrier Repair, Redness/Irritation, Dehydration",150ml,899,899,899,Ceramide,"Rice Extract, Niacinamide",,,,,,,,,,,,,Roopsee-F-TO-16,100,100,100,55,10,90,72,72,68,45,90,55,20,92,95,72,10,90,92,98,90,98,92,98,94,98,95,100,100,178,provided
Roopsee-F-SE-71,The Face Shop Collagen & Pomegranate Serum - Best Anti Aging Korean Serum with Panthenol,The Face Shop,Face,,,,South Korea,Serum,"Wrinkles/Fine lines, Redness/Irritation, Dehydration",80ml,2250,2250,2250,Collagen,"Pomegranate Extract, Panthenol",,,,,,,,,,,,,Roopsee-F-SE-71,100,100,100,20,10,82,10,35,30,15,78,10,90,90,90,72,10,86,82,90,90,95,90,92,85,90,92,100,100,179,provided
Roopsee-F-MO-62,The Face Shop Collagen & Pomegranate Moisturizer Anti Aging Korean Beauty Day & Night Cream,The Face Shop,Face,,,,South Korea,Moisturizer,"Dryness, Wrinkles/Fine lines, Redness/Irritation, Dehydration",100ml,2350,2350,2350,Collagen,"Pomegranate Extract, Hyaluronic Acid",,,,,,,,,,,,,Roopsee-F-MO-62,100,100,100,15,10,95,5,30,25,15,85,5,90,90,98,70,5,90,72,82,100,100,85,92,80,90,100,100,100,180,provided
Roopsee-F-SE-72,The Face Shop White Seed Brightening Korean Serum With Niacinamide & Hyaluronic Acid for Dark Spots,The Face Shop,Face,,,,South Korea,Serum,"Uneven Skin Tone, Dark Spots/Pigmentation, Redness/Irritation, Dehydration, Dullness",30ml,1002,1002,1002,Niacinamide,"White Seed Extract, Hyaluronic Acid",,,,,,,,,,,,,Roopsee-F-SE-72,100,100,100,72,15,85,75,92,95,82,82,60,25,90,92,92,25,96,95,95,85,90,92,95,94,95,90,100,100,181,provided
Roopsee-F-MA-21,The Face Shop Smart Peeling White Jewel Perle - Brightening For Tan Removal,The Face Shop,Face,,,,South Korea,Mask,"Uneven Skin Tone, Dark Spots/Pigmentation, Dullness",120ml,999,999,999,AHA (Glycolic Acid),"White Pearl Extract, Niacinamide",,,,,,,,,,,,,Roopsee-F-MA-21,0,100,100,58,20,45,72,90,92,78,45,55,30,52,55,90,45,94,90,70,42,35,78,65,90,68,28,100,100,182,provided
Roopsee-F-CL-45,Innisfree Green Tea Amino Hydrating Cleansing Foam,Innisfree,Face,,,,South Korea,Cleanser,"Redness/Irritation, Dehydration",150g,800,800,800,Green Tea Extract,"Amino Acids, Hyaluronic Acid",,,,,,,,,,,,,Roopsee-F-CL-45,100,100,100,45,10,82,25,25,20,10,78,20,15,90,92,45,5,76,90,95,85,92,90,95,92,95,90,100,100,183,provided
Roopsee-F-MO-63,Innisfree Green Tea Seed Hyaluronic Cream,Innisfree,Face,,,,South Korea,Moisturizer,"Dryness, Barrier Repair, Redness/Irritation, Dehydration",50ml,1780,1780,1780,Green Tea Seed,"Hyaluronic Acid, Ceramide",,,,,,,,,,,,,Roopsee-F-MO-63,100,100,100,52,10,98,20,25,20,10,98,15,30,95,100,50,5,90,90,95,100,100,92,98,90,98,100,100,100,184,provided
Roopsee-F-SE-73,Innisfree Retinol Cica Repair Ampoule,Innisfree,Face,,,,South Korea,Serum,"Acne, Barrier Repair, Wrinkles/Fine lines",30ml,2850,2850,2850,Retinol,"Cica (Centella Asiatica), Ceramide",,,,,,,,,,,,,Roopsee-F-SE-73,-100,100,100,90,15,72,82,55,45,25,90,85,92,82,78,60,10,92,92,82,72,68,90,80,92,82,60,-100,-100,185,provided
Roopsee-F-SE-74,Innisfree Vitamin C Green Tea Enzyme Brightening Serum,Innisfree,Face,,,,South Korea,Serum,"Uneven Skin Tone, Dark Spots/Pigmentation, Dullness",30ml,2650,2650,2650,Vitamin C,"Green Tea Enzyme, Niacinamide",,,,,,,,,,,,,Roopsee-F-SE-74,0,100,100,65,15,72,55,95,98,82,72,40,45,75,82,98,45,97,92,85,75,70,90,85,92,86,65,100,100,186,provided
Roopsee-F-CL-46,Innisfree Volcanic BHA Pore Cleansing Foam,Innisfree,Face,,,,South Korea,Cleanser,"Acne, Open Pores, Comedones",150g,800,800,800,Volcanic Ash (BHA),"Salicylic Acid, Niacinamide",,,,,,,,,,,,,Roopsee-F-CL-46,0,100,100,90,20,38,92,35,25,10,42,95,15,45,40,35,5,90,98,82,35,25,90,72,98,80,20,100,100,187,provided
Roopsee-F-TO-17,Innisfree Bija Trouble Skin Toner,Innisfree,Face,,,,South Korea,Toner,"Acne, Comedones",170ml,1150,1150,1150,Bija (Torreya) Extract,"Salicylic Acid, Tea Tree Oil",,,,,,,,,,,,,Roopsee-F-TO-17,0,100,100,90,15,45,85,35,25,10,50,90,15,55,50,40,5,86,98,80,45,35,90,75,96,82,30,100,100,188,provided
Roopsee-F-MO-64,Innisfree Bija Trouble Lotion,Innisfree,Face,,,,South Korea,Moisturizer,"Acne, Dehydration",100ml,1150,1150,1150,Bija (Torreya) Extract,"Salicylic Acid, Hyaluronic Acid",,,,,,,,,,,,,Roopsee-F-MO-64,100,100,100,90,15,78,72,40,30,15,72,75,20,72,90,50,5,84,95,85,78,75,90,85,95,90,70,100,100,189,provided
Roopsee-F-SU-51,Innisfree Daily UV Defense Sunscreen SPF 50+ PA++++,Innisfree,Face,,,,South Korea,Sunscreen,"Dryness, Redness/Irritation, Dehydration, Tanning",50ml,1400,1400,1400,SPF 50+ (UV Filters),"Green Tea Extract, Hyaluronic Acid",,,,,,,,,,,,,Roopsee-F-SU-51,100,100,100,30,10,90,15,25,20,10,82,10,20,92,95,45,100,90,92,98,90,98,92,98,94,98,95,100,100,190,provided
Roopsee-F-SE-75,Innisfree Black Tea Youth Enhancing Ampoule,Innisfree,Face,,,,South Korea,Serum,"Dryness, Barrier Repair, Wrinkles/Fine lines, Redness/Irritation, Dehydration",30ml,2780,2780,2780,Black Tea Ferment,"Adenosine, Niacinamide",,,,,,,,,,,,,Roopsee-F-SE-75,100,100,100,35,10,90,25,72,68,45,90,15,92,90,95,85,15,90,90,92,92,95,90,95,89,94,95,100,100,191,provided
Roopsee-F-MO-65,Innisfree Black Tea Youth Enhancing Cream,Innisfree,Face,,,,South Korea,Moisturizer,"Dryness, Barrier Repair, Wrinkles/Fine lines, Redness/Irritation, Dehydration",50ml,2480,2480,2480,Black Tea Ferment,"Adenosine, Ceramide",,,,,,,,,,,,,Roopsee-F-MO-65,100,100,100,25,10,98,15,65,60,40,95,10,95,92,100,82,10,92,78,90,100,100,90,95,82,92,100,100,100,192,provided
Roopsee-F-MO-66,Innisfree Cherry Blossom Glow Jelly Cream,Innisfree,Face,,,,South Korea,Moisturizer,"Dryness, Redness/Irritation, Dehydration, Dullness",50ml,1700,1700,1700,Cherry Blossom Extract,"Hyaluronic Acid, Niacinamide",,,,,,,,,,,,,Roopsee-F-MO-66,100,100,100,55,10,92,45,85,82,55,82,35,20,90,98,90,15,90,95,98,90,98,95,98,96,98,95,100,100,193,provided
Roopsee-F-MO-67,Innisfree Cherry Blossom Glow Tone-Up Cream,Innisfree,Face,,,,South Korea,Moisturizer,"Uneven Skin Tone, Redness/Irritation, Dullness",50ml,1700,1700,1700,Cherry Blossom Extract,"Niacinamide, SPF UV Filters",,,,,,,,,,,,,Roopsee-F-MO-67,100,100,100,35,10,82,30,90,85,60,75,20,20,90,85,92,82,90,90,92,82,90,90,92,90,92,85,100,100,194,provided
Roopsee-F-MO-68,Innisfree Aloe Revital Soothing Gel,Innisfree,Face,,,,South Korea,Moisturizer,"Dryness, Redness/Irritation, Dehydration",300ml,600,600,600,Aloe Vera,"Hyaluronic Acid, Glycerin",,,,,,,,,,,,,Roopsee-F-MO-68,100,100,100,45,10,95,15,20,15,10,85,10,15,98,100,40,5,78,92,100,95,100,95,100,94,100,100,100,100,195,provided
Roopsee-F-SU-52,Innisfree Tone Up No Sebum Sunscreen EX SPF 50+ PA++++ For Oil Control - Matte Finish,Innisfree,Face,,,,South Korea,Sunscreen,Tanning,60ml,1400,1400,1400,SPF 50+ (UV Filters),"Sebum Control Powder, Niacinamide",,,,,,,,,,,,,Roopsee-F-SU-52,100,100,100,42,10,62,78,35,30,15,65,72,20,82,72,45,100,90,98,92,58,55,90,82,95,90,48,100,100,196,provided
generated-new-products-row-197-celimax-the-real-noni-energy-ampoule,Celimax The Real Noni Energy Ampoule,Celimax,Face,,,,South Korea,Serum,"Dryness, Barrier Repair, Redness/Irritation, Dehydration",50ml,2399,2399,2399,Noni Fruit Extract,"Noni Seed Oil, Panthenol, Vegan Fermented Collagen",,,,,,,,,,,,,,100,100,100,45,10,95,20,45,40,25,92,15,78,95,98,72,10,90,82,92,98,100,90,95,90,94,100,100,100,197,generated_from_row
generated-new-products-row-198-celimax-the-real-noni-moisture-balancing-toner,Celimax The Real Noni Moisture Balancing Toner,Celimax,Face,,,,South Korea,Toner,"Dryness, Barrier Repair, Redness/Irritation, Dehydration",150ml,2239,2239,2239,Noni Fruit Extract,"Noni Seed Oil, Amino Acid Complex, HYDROVANCE",,,,,,,,,,,,,,100,100,100,40,10,92,15,35,30,20,90,10,35,95,100,60,5,82,90,95,98,100,92,98,90,98,100,100,100,198,generated_from_row
generated-new-products-row-199-celimax-the-real-noni-hydra-firming-lotion,Celimax The Real Noni Hydra Firming Lotion,Celimax,Face,,,,South Korea,Moisturizer,"Dryness, Barrier Repair, Redness/Irritation, Dehydration",150ml,2239,2239,2239,3-Complex Hyaluronic Acid,"Noni Fruit Extract, Noni Seed Oil",,,,,,,,,,,,,,100,100,100,38,10,98,15,30,25,15,92,10,42,95,100,55,5,84,85,92,100,100,90,98,90,95,100,100,100,199,generated_from_row
generated-new-products-row-200-celimax-dual-barrier-skin-wearable-cream,Celimax Dual Barrier Skin Wearable Cream,Celimax,Face,,,,South Korea,Moisturizer,"Dryness, Barrier Repair, Redness/Irritation, Dehydration",50ml,2239,2239,2239,Ceramide Complex,"Panthenol, Sodium Hyaluronate, Cholesterol",,,,,,,,,,,,,,100,100,100,35,10,100,10,15,10,5,100,5,45,100,100,40,5,90,75,95,100,100,90,100,82,98,100,100,100,200,generated_from_row
generated-new-products-row-201-celimax-dual-barrier-boosting-serum,Celimax Dual Barrier Boosting Serum,Celimax,Face,,,,South Korea,Serum,"Dryness, Barrier Repair, Redness/Irritation, Dehydration",30ml,2099,2099,2099,Ceramide Complex,"Aquatide, Panthenol, Biosaccharide Gum-1",,,,,,,,,,,,,,100,100,100,42,10,98,15,20,15,10,100,10,35,100,100,45,5,90,90,100,100,100,92,100,90,100,100,100,100,201,generated_from_row
generated-new-products-row-202-celimax-ji-woo-gae-heartleaf-bha-peeling-pad,Celimax Ji Woo Gae Heartleaf BHA Peeling Pad,Celimax,Face,,,,South Korea,Toner,"Acne, Open Pores, Comedones",125ml,1899,1899,1899,Salicylic Acid (BHA),"Heartleaf Extract, Tea Tree Extract",,,,,,,,,,,,,,0,100,100,92,25,42,95,45,35,15,58,98,15,68,50,45,5,92,98,78,40,32,90,70,98,75,25,100,100,202,generated_from_row
generated-new-products-row-203-celimax-ji-woo-gae-cica-bha-blemish-toner,Celimax Ji Woo Gae Cica BHA Blemish Toner,Celimax,Face,,,,South Korea,Toner,"Acne, Open Pores, Comedones",170ml,1999,1999,1999,BHA + PHA + LHA,"Cica Biome Complex, Hepta-cne Complex, Panthenol",,,,,,,,,,,,,,0,100,100,95,20,58,95,52,40,18,72,98,18,82,72,50,5,95,98,90,58,52,92,85,98,90,45,100,100,203,generated_from_row
generated-new-products-row-204-celimax-derma-nature-fresh-blackhead-jojoba-cleansing-,Celimax Derma Nature Fresh Blackhead Jojoba Cleansing Oil,Celimax,Face,,,,South Korea,Cleanser,"Open Pores, Comedones",150ml,1439,1439,1439,Jojoba Seed Oil,"Bergamot Fruit Oil, Meadowfoam Seed Oil, Sunflower Seed Oil, Sweet Almond Oil, Olive Fruit Oil",,,,,,,,,,,,,,100,100,100,72,15,82,90,25,20,10,72,95,15,72,82,40,5,86,95,82,80,72,90,80,98,82,75,100,100,204,generated_from_row
generated-new-products-row-205-celimax-the-real-noni-energy-repair-cream,Celimax The Real Noni Energy Repair Cream,Celimax,Face,,,,South Korea,Moisturizer,"Dryness, Barrier Repair, Wrinkles/Fine lines, Redness/Irritation, Dehydration",50ml,2239,2239,2239,Noni Extract,"Ceramide, Adenosine, Noni Seed Oil",,,,,,,,,,,,,,100,100,100,35,10,98,15,35,30,20,98,10,90,95,100,72,5,92,78,92,100,100,90,95,85,94,100,100,100,205,generated_from_row
generated-new-products-row-206-celimax-dual-barrier-watery-sun-cream-spf-50-pa,Celimax Dual Barrier Watery Sun Cream SPF 50+ PA++++,Celimax,Face,,,,South Korea,Sunscreen,"Dryness, Barrier Repair, Redness/Irritation, Dehydration, Tanning",40ml,1999,1999,1999,Zinc Oxide,"Ceramide Complex, Panthenol, Aquatide",,,,,,,,,,,,,,100,100,100,35,10,95,15,20,15,10,98,10,25,100,98,40,100,90,90,100,95,100,92,100,90,100,98,100,100,206,generated_from_row
generated-new-products-row-207-celimax-dual-barrier-mild-gel-cleanser,Celimax Dual Barrier Mild Gel Cleanser,Celimax,Face,,,,South Korea,Cleanser,"Dryness, Barrier Repair, Redness/Irritation, Dehydration",200ml,1549,1549,1549,Ceramide Complex,"Selaginella Lepidophylla Extract, Botanical Antioxidants",,,,,,,,,,,,,,100,100,100,35,10,90,15,15,10,5,92,10,15,98,95,35,5,78,92,100,90,98,92,100,94,100,92,100,100,207,generated_from_row
generated-new-products-row-208-celimax-ji-woo-gae-one-step-mild-cleansing-pad,Celimax Ji Woo Gae One Step Mild Cleansing Pad,Celimax,Face,,,,South Korea,Cleanser,"Dryness, Barrier Repair, Redness/Irritation, Dehydration",60 pads,1799,1799,1799,Panthenol,"Allantoin, Sodium Hyaluronate, Houttuynia Cordata Extract",,,,,,,,,,,,,,100,100,100,42,10,90,25,20,15,10,90,15,15,98,98,40,5,80,95,100,90,100,95,100,96,100,95,100,100,208,generated_from_row
generated-new-products-row-209-celimax-pore-dark-spot-brightening-serum,Celimax Pore + Dark Spot Brightening Serum,Celimax,Face,,,,South Korea,Serum,"Acne, Open Pores, Uneven Skin Tone, Dark Spots/Pigmentation, Melasma, Redness/Irritation, Dullness",30ml,2999,2999,2999,Niacinamide (5%),"Tranexamic Acid (3%), Melazero V2 (1%), Bisabolol",,,,,,,,,,,,,,100,100,100,90,15,72,92,95,100,98,78,72,25,92,82,95,20,100,98,95,72,68,95,92,98,95,65,100,100,209,generated_from_row
generated-new-products-row-210-celimax-pore-dark-spot-brightening-pad,Celimax Pore + Dark Spot Brightening Pad,Celimax,Face,,,,South Korea,Toner,"Open Pores, Uneven Skin Tone, Dark Spots/Pigmentation, Melasma, Redness/Irritation, Dullness",100ml,2199,2199,2199,Tranexamic Acid,"Niacinamide, Melazero V2, Salicylic Acid",,,,,,,,,,,,,,0,100,100,85,15,65,95,92,98,95,72,82,20,90,75,92,15,98,98,90,65,60,92,90,98,90,58,100,100,210,generated_from_row
generated-new-products-row-211-celimax-oil-control-calming-sun-stick-spf-50-pa,Celimax Oil Control Calming Sun Stick SPF 50+ PA++++,Celimax,Face,,,,South Korea,Sunscreen,"Barrier Repair, Redness/Irritation, Dehydration, Tanning",19g,1999,1999,1999,Centella Asiatica Complex,"Bisabolol, Madecassoside, Asiaticoside, UV Filters",,,,,,,,,,,,,,100,100,100,55,10,82,35,25,20,10,90,25,20,100,90,45,100,90,98,100,82,95,95,100,98,100,85,100,100,211,generated_from_row
generated-new-products-row-212-pilgrim-squalane-glow-moisturizer,Pilgrim Squalane Glow Moisturizer,Pilgrim,Face,,,,India,Moisturizer,"Dryness, Barrier Repair, Redness/Irritation, Dehydration, Dullness",50g,550,550,550,Squalane,"Niacinamide, Vitamin C",,,,,,,,,,,,,,100,100,100,55,10,92,45,82,85,65,90,30,35,90,95,90,15,90,90,92,95,98,92,95,90,94,98,100,100,212,generated_from_row
generated-new-products-row-213-pilgrim-squalane-foaming-face-wash,Pilgrim Squalane Foaming Face Wash,Pilgrim,Face,,,,India,Cleanser,"Redness/Irritation, Redness/Irritation, Dehydration",100ml,345,345,345,Squalane,"Glycerin, Coconut-derived Cleansing Agents",,,,,,,,,,,,,,100,100,100,35,10,82,15,15,10,5,78,10,15,90,90,35,5,74,90,95,82,90,90,95,92,95,85,100,100,213,generated_from_row
generated-new-products-row-214-pilgrim-2-salicylic-acid-3-niacinamide-clarifying-seru,Pilgrim 2% Salicylic Acid + 3% Niacinamide Clarifying Serum,Pilgrim,Face,,,,India,Serum,"Acne, Open Pores, Comedones",30ml,695,695,695,Salicylic Acid (2%),"Niacinamide (3%), Green Tea Extract, Neem Extract",,,,,,,,,,,,,,0,100,100,95,20,55,92,72,68,35,68,98,20,75,68,72,10,95,100,90,55,48,92,82,100,90,42,100,100,214,generated_from_row
generated-new-products-row-215-pilgrim-10-niacinamide-brightening-serum,Pilgrim 10% Niacinamide Brightening Serum,Pilgrim,Face,,,,India,Serum,"Acne, Open Pores, Uneven Skin Tone, Dark Spots/Pigmentation, Melasma, Dullness",30ml,649,649,649,Niacinamide (10%),"Kojic Acid, Zinc PCA, Korean Rice Water Exosomes",,,,,,,,,,,,,,100,100,100,90,15,68,90,95,98,90,72,75,25,82,78,95,15,99,98,90,68,62,92,85,98,90,58,100,100,215,generated_from_row
generated-new-products-row-216-pilgrim-alpha-arbutin-vitamin-c-brightening-serum,Pilgrim Alpha Arbutin & Vitamin C Brightening Serum,Pilgrim,Face,,,,India,Serum,"Uneven Skin Tone, Dark Spots/Pigmentation, Melasma, Dullness",30ml,695,695,695,Alpha Arbutin,"Vitamin C, Blueberry",,,,,,,,,,,,,,100,100,100,55,10,72,45,95,100,95,65,35,25,82,78,95,20,100,92,90,72,68,90,85,92,90,65,100,100,216,generated_from_row
generated-new-products-row-217-pilgrim-2-hyaluronic-acid-hydration-serum,Pilgrim 2% Hyaluronic Acid Hydration Serum,Pilgrim,Face,,,,India,Serum,"Dryness, Redness/Irritation, Dehydration",30ml,545,545,545,Hyaluronic Acid (2%),"Kiwi Extract, Watermelon Extract",,,,,,,,,,,,,,100,100,100,35,10,100,15,20,15,10,82,10,15,92,100,45,5,82,92,98,100,100,95,100,94,100,100,100,100,217,generated_from_row
generated-new-products-row-218-pilgrim-1-retinol-night-cream,Pilgrim 1% Retinol Night Cream,Pilgrim,Face,,,,India,Moisturizer,Wrinkles/Fine lines,50g,650,650,650,Retinoid Complex,"Hyaluronic Acid, Pomegranate Extract",,,,,,,,,,,,,,-100,100,100,82,10,82,72,45,35,20,82,78,98,68,82,65,10,95,90,68,82,72,90,72,90,72,75,-100,-100,218,generated_from_row
generated-new-products-row-219-pilgrim-red-vine-face-cream-spf-30,Pilgrim Red Vine Face Cream SPF 30,Pilgrim,Face,,,,India,Moisturizer,Dehydration,50g,550,550,550,Red Vine Extract,"Vitamin C, SPF 30 UV Filters",,,,,,,,,,,,,,100,100,100,30,10,82,20,72,75,55,72,10,45,82,90,82,75,90,85,82,90,85,90,85,90,85,90,100,100,219,generated_from_row
generated-new-products-row-220-pilgrim-white-lotus-natural-face-mist-toner,Pilgrim White Lotus Natural Face Mist & Toner,Pilgrim,Face,,,,India,Toner,"Redness/Irritation, Dehydration",100ml,300,300,300,White Lotus,"Camellia, Witch Hazel",,,,,,,,,,,,,,100,100,100,45,10,75,35,45,35,20,72,25,15,90,90,65,5,74,90,82,75,72,85,80,90,82,70,100,100,220,generated_from_row
generated-new-products-row-221-pilgrim-15-vitamin-c-brightening-serum,Pilgrim 15% Vitamin C Brightening Serum,Pilgrim,Face,,,,India,Serum,"Uneven Skin Tone, Dark Spots/Pigmentation, Melasma, Dullness",20ml,595,595,595,Vitamin C (3-O-Ethyl Ascorbic Acid),"Niacinamide, Betaine, Kakadu Plum, Ferulic Acid",,,,,,,,,,,,,,0,100,100,72,15,72,62,95,98,90,72,42,35,75,78,98,25,99,92,85,72,68,90,85,92,86,65,100,100,221,generated_from_row
generated-new-products-row-222-pilgrim-aha-bha-peeling-solution,Pilgrim AHA BHA Peeling Solution,Pilgrim,Face,,,,India,Mask,"Acne, Open Pores, Comedones",30ml,645,645,645,AHA Complex,"Salicylic Acid (BHA), Gluconolactone (PHA), Aloe, Hyaluronic Acid",,,,,,,,,,,,,,-100,100,100,95,35,35,100,82,85,65,42,100,35,35,40,82,25,98,90,55,25,15,82,45,92,50,10,100,100,222,generated_from_row
generated-new-products-row-223-pilgrim-squalane-sleeping-mask,Pilgrim Squalane Sleeping Mask,Pilgrim,Face,,,,India,Mask,"Dryness, Dark Spots/Pigmentation, Barrier Repair, Redness/Irritation, Dehydration, Dullness",50g,550,550,550,Squalane,"Niacinamide, Alpha Arbutin, Glycerin",,,,,,,,,,,,,,100,100,100,55,10,98,45,85,90,72,92,30,35,90,100,90,15,92,82,90,100,100,90,95,90,94,100,100,100,223,generated_from_row
generated-new-products-row-224-pilgrim-australian-tea-tree-face-wash,Pilgrim Australian Tea Tree Face Wash,Pilgrim,Face,,,,India,Cleanser,Acne,100ml,250,250,250,Australian Tea Tree,"Glycerin, Coconut-derived Cleansing Agents",,,,,,,,,,,,,,100,100,100,90,15,55,75,25,20,10,62,82,15,68,65,40,5,82,98,78,55,48,90,72,98,80,45,100,100,224,generated_from_row
generated-new-products-row-225-pilgrim-ceramide-barrier-repair-cream,Pilgrim Ceramide Barrier Repair Cream,Pilgrim,Face,,,,India,Moisturizer,"Dryness, Barrier Repair, Redness/Irritation, Dehydration",100g,395,395,395,Ceramide Complex,"Hyaluronic Acid, Niacinamide",,,,,,,,,,,,,,100,100,100,55,10,100,25,45,42,25,100,20,35,98,100,65,10,92,85,98,100,100,92,100,90,100,100,100,100,225,generated_from_row
generated-new-products-row-226-pilgrim-2-kojic-acid-brightening-cream,Pilgrim 2% Kojic Acid Brightening Cream,Pilgrim,Face,,,,India,Moisturizer,"Uneven Skin Tone, Dark Spots/Pigmentation, Melasma, Dehydration, Dullness",30ml,495,495,495,Kojic Acid Dipalmitate,"Niacinamide, Glycerin",,,,,,,,,,,,,,100,100,100,62,10,82,55,95,100,92,75,35,25,82,90,92,15,100,90,82,85,82,90,85,90,85,82,100,100,226,generated_from_row
generated-new-products-row-227-pilgrim-glow-sunscreen-serum-spf-50-pa,Pilgrim Glow Sunscreen Serum SPF 50+ PA++++,Pilgrim,Face,,,,India,Sunscreen,"Uneven Skin Tone, Dark Spots/Pigmentation, Dullness, Tanning",50ml,495,495,495,Vitamin C (3-O-Ethyl Ascorbic Acid),"Niacinamide, Australian Kakadu Plum, Glutathione",,,,,,,,,,,,,,100,100,100,68,10,75,58,92,95,82,72,40,25,82,82,95,100,98,92,90,75,72,90,85,92,90,70,100,100,227,generated_from_row
generated-new-products-row-228-laneige-water-sleeping-mask-ex,Laneige Water Sleeping Mask EX,Laneige,Face,,,,South Korea,Mask,"Dryness, Barrier Repair, Redness/Irritation, Dehydration",75ml,2240,2240,2240,Squalane,"Niacinamide, Ceramides, 3x Hyaluronic Night Blend",,,,,,,,,,,,,,100,100,100,42,10,100,20,55,50,30,95,15,45,95,100,75,10,92,82,95,100,100,90,98,90,96,100,100,100,228,generated_from_row
generated-new-products-row-229-laneige-cream-skin-cerapeptide-refiner,Laneige Cream Skin Cerapeptide Refiner,Laneige,Face,,,,South Korea,Toner,"Dryness, Barrier Repair, Redness/Irritation, Dehydration",50ml,900,900,900,Cerapeptide™,"Ceramide, Peptide",,,,,,,,,,,,,,100,100,100,38,10,98,15,35,30,20,100,10,55,100,100,60,5,90,90,100,100,100,92,100,90,100,100,100,100,229,generated_from_row
generated-new-products-row-230-laneige-water-bank-blue-hyaluronic-cream-moisturizer,Laneige Water Bank Blue Hyaluronic Cream Moisturizer,Laneige,Face,,,,South Korea,Moisturizer,"Dryness, Barrier Repair, Redness/Irritation, Dehydration",50ml,2900,2900,2900,Blue Hyaluronic Acid,"Ceramide, Squalane, Pepta-Panthenol Complex",,,,,,,,,,,,,,100,100,100,45,10,100,20,35,30,20,100,10,58,98,100,62,5,92,85,98,100,100,90,100,90,98,100,100,100,230,generated_from_row
generated-new-products-row-231-laneige-water-bank-blue-hyaluronic-serum,Laneige Water Bank Blue Hyaluronic Serum,Laneige,Face,,,,South Korea,Serum,"Dryness, Barrier Repair, Redness/Irritation, Dehydration",50ml,3250,3250,3250,Blue Hyaluronic Acid,"Peptide, Squalane, Beta-Glucan",,,,,,,,,,,,,,100,100,100,42,10,100,20,35,30,20,98,10,48,98,100,62,5,90,90,98,100,100,92,100,90,100,100,100,100,231,generated_from_row
generated-new-products-row-232-laneige-water-bank-gentle-gel-cleanser,Laneige Water Bank Gentle Gel Cleanser,Laneige,Face,,,,South Korea,Cleanser,"Dryness, Barrier Repair, Redness/Irritation, Dehydration",80ml,870,870,870,Blue Hyaluronic Acid,"Allantoin, Amino Acid Complex",,,,,,,,,,,,,,100,100,100,35,10,90,15,15,10,5,90,10,15,98,95,35,5,76,92,100,90,98,92,100,94,100,92,100,100,232,generated_from_row
generated-new-products-row-233-laneige-bouncy-firm-sleeping-mask,Laneige Bouncy & Firm Sleeping Mask,Laneige,Face,,,,South Korea,Mask,"Dryness, Barrier Repair, Wrinkles/Fine lines, Redness/Irritation, Dehydration",25ml,1300,1300,1300,Peony & Collagen Complex™,"Peptides, Hydro-Melt Glow Capsules, Hyaluronic Acids, Green Tea Probiotic Lysate",,,,,,,,,,,,,,100,100,100,35,10,100,15,55,50,30,95,10,95,95,100,82,10,95,78,92,100,100,90,95,85,92,100,100,100,233,generated_from_row
generated-new-products-row-234-wishcare-super-bright-c16-10-vitamin-c-serum,WishCare Super Bright C16 10% Vitamin C Serum,WishCare,Face,,,,India,Serum,"Uneven Skin Tone, Dark Spots/Pigmentation, Melasma, Dullness",30ml,699,699,699,Vitamin C (10% Boosted Vitamin C),Kojic Acid (1%),,,,,,,,,,,,,,0,100,100,65,10,68,52,95,100,92,68,35,25,78,75,98,20,100,90,82,68,62,90,80,90,82,58,100,100,234,generated_from_row
generated-new-products-row-235-wishcare-niacinamide-oil-balance-fluid-sunscreen-spf-5,WishCare Niacinamide Oil Balance Fluid Sunscreen SPF 50 PA++++,WishCare,Face,,,,India,Sunscreen,"Barrier Repair, Redness/Irritation, Dehydration, Tanning",50g,499,499,499,Niacinamide (5%),"Ceramides, Zinc PCA",,,,,,,,,,,,,,100,100,100,78,10,82,82,72,68,45,90,72,20,92,90,72,100,94,98,100,82,95,92,98,98,100,90,100,100,235,generated_from_row
generated-new-products-row-236-wishcare-10-aha-1-bha-body-lotion,WishCare 10% AHA + 1% BHA Body Lotion,WishCare,Body,,,,India,Body Lotion,"Acne, Body Acne, Open Pores, Comedones",200ml,499,499,499,AHA (10%),BHA (1%),,,,,,,,,,,,,,-100,100,100,90,100,45,92,72,68,42,38,95,20,35,45,68,15,94,90,52,38,25,82,45,90,50,15,100,100,236,generated_from_row
generated-new-products-row-237-plum-green-tea-pore-cleansing-face-wash,Plum Green Tea Pore Cleansing Face Wash,Plum,Face,,,,India,Cleanser,Comedones,50ml,199,199,199,Green Tea Extract,Glycolic Acid,,,,,,,,,,,,,,100,100,100,72,10,65,78,35,25,10,62,90,15,78,72,45,5,82,98,90,65,60,92,85,98,90,55,100,100,237,generated_from_row
generated-new-products-row-238-plum-green-tea-oil-free-moisturizer,Plum Green Tea Oil-Free Moisturizer,Plum,Face,,,,India,Moisturizer,"Dryness, Redness/Irritation, Dehydration",50ml,470,470,470,Green Tea,"Hyaluronic Acid, Niacinamide",,,,,,,,,,,,,,100,100,100,68,10,90,62,62,58,35,82,52,20,90,92,68,10,86,95,98,90,95,95,98,98,98,85,100,100,238,generated_from_row
generated-new-products-row-239-plum-green-tea-renewed-clarity-night-gel,Plum Green Tea Renewed Clarity Night Gel,Plum,Face,,,,India,Moisturizer,Dehydration,50ml,575,575,575,Green Tea,Skin-renewing Actives,,,,,,,,,,,,,,0,100,100,75,10,82,72,45,35,20,78,75,25,72,90,62,10,86,95,90,82,78,92,85,98,90,75,100,100,239,generated_from_row
generated-new-products-row-240-plum-15-vitamin-c-face-serum,Plum 15% Vitamin C Face Serum,Plum,Face,,,,India,Serum,"Uneven Skin Tone, Dark Spots/Pigmentation, Melasma, Dullness",30ml,790,790,790,Vitamin C (Ethyl Ascorbic Acid),"Japanese Mandarin, Kakadu Plum",,,,,,,,,,,,,,0,100,100,65,10,68,52,95,98,90,65,35,30,75,72,100,20,100,90,82,68,62,90,80,90,82,58,100,100,240,generated_from_row
